{
  "shoutem": {
    "application": {
      "errorTitle": "Error",
      "preview": {
        "unsupportedActionMessage": "This action cannot be performed in Preview.",
        "pushGroupsPreviewAlertTitle": "Preview mode",
        "pushGroupsPreviewAlertMessage": "Push notifications are not supported in preview mode. You can see groups, but you can't toggle subscriptions. Don't worry, everything works in the live app.",
        "noContentErrorMessage": "Please create content and reload your app."
      },
      "emptyCollectionErrorMessage": "Nothing here at this moment.",
      "emptyListMessage": "We couldn't find anything to show...",
      "emptyListTitle": "It's empty in here",
      "unexpectedErrorMessage": "Unexpected error occurred.",
      "tryAgainButton": "TRY AGAIN",
      "configurationLoadErrorMessage": "App configuration failed to load.",
      "networkErrorTitle": "Network error",
      "networkErrorMessage": "No internet connection, please check your network.",
      "noSubscriptionMessage": "This app is currently inactive. Please contact its developer for support!"
    },
    "auth": {
      "appleAuthCanceledError": "The user canceled the authorization attempt.",
      "appleAuthFailedError": "The authorization attempt failed.",
      "appleAuthInvalidResponseError": "The authorization request received an invalid response.",
      "appleAuthNotHandledError": "The authorization request wasn't handled.'",
      "appleAuthUnknownError": "The authorization attempt failed for an unknown reason.",
      "chat": "Chat",
      "consentRequiredError": "You need to agree to the app's terms and conditions to register",
      "deleteAccountDescription": "Account deletion is permanent and irrevesible. If you would like to delete your account please type “DELETE” below and confirm your action.",
      "deleteAccountButtonText": "Delete account",
      "deleteAccountText": "Delete your account",
      "deletionNavBarTitle": "Confirm deletion",
      "doneNavBarButton": "Done",
      "editProfileButton": "EDIT PROFILE",
      "editProfileNavBarTitle": "EDIT PROFILE",
      "emailPlaceholder": "name@domain.com",
      "facebookLogInButton": "Sign in with Facebook",
      "facebookSignUpButton": "Continue with Facebook",
      "formNotFilledErrorMessage": "All form fields are required.",
      "gdprConsentMessage": "I allow this app to collect and use my data, as described in Privacy Policy",
      "emailTakenErrorMessage": "This email address is already registered.",
      "emptyUsernameErrorMessage": "Username/email should not be empty",
      "emptyPasswordErrorMessage": "Password should not be empty",
      "recoverPasswordText": "Recover password?",
      "horizontalSeparatorText": "OR",
      "imageSelectErrorMessage": "Image selection error.",
      "invalidCredentialsErrorMessage": "Wrong username / email or password. Please try again.",
      "invalidEmailFormatErrorMessage": "Make sure your email format is \"name@domain.com\".",
      "invalidPasswordFormatErrorMessage": "Password has to be at least 6 characters long.",
      "invalidUsernameFormatErrorMessage": "Username has to have at least 3 characters, start with a letter and contain only lowercase letters, numbers and underscores.",
      "manualApprovalTitle": "Pending approval",
      "manualApprovalMessage": "Your registration request is being reviewed. Thank you for your patience.",
      "newsletterConsentMessage": "I would like to receive news and event emails from this app",
      "loggedInUserInfo": "Username: {{username}}",
      "logInButton": "Log In",
      "loginCancelErrorMessage": "Login was cancelled.",
      "loginFailedErrorTitle": "Login failed",
      "logInNavBarTitle": "LOG IN",
      "noAccountSectionTitle": "Not a member?",
      "passwordPlaceholder": "Enter your password",
      "profileNavBarLogoutButton": "Logout",
      "profileNavBarTitle": "PROFILE",
      "profileUpdatingErrorMessage": "There was an error while updating your profile. Please try again.",
      "profileUpdatingErrorTitle": "Update failed",
      "registerButton": "Create Account",
      "createNewAccount": "Create new account",
      "registerNavBarTitle": "CREATE NEW ACCOUNT",
      "registrationFailedErrorTitle": "Registration failed",
      "signupAcknowledgement": {
        "leadMessage": "By signing up you agree to our",
        "termsOfService": "Terms of Service",
        "conjuction": " and ",
        "privacyPolicy": "Privacy policy"
      },
      "socialLoginSectionTitle": "or sign in/sign up with your other account",
      "tokenErrorMessage": "Access token is not valid.",
      "unknownEmailErrorMessage": "Your username / email was not found.",
      "userBioTitle": "Bio",
      "userLocation": "Location",
      "userNameAndSurname": "Name and surname",
      "usernameOrEmail": "Username or Email",
      "username": "Username",
      "email": "Email",
      "password": "Password",
      "forgotPasswordText": "Forgot Password?",
      "usernameOrEmailPlaceholder": "Enter your username/email",
      "usernamePlaceholder": "Enter your username",
      "usernameTakenErrorMessage": "That username is taken. Please choose another one or try to sign in.",
      "userWebsite": "Website",
      "videoChat": "Video Chat",
      "passwordRecoveryNavBarTitle": "PASSWORD RECOVERY",
      "passwordRecoveryDescription": "Please enter the email address you used when creating your account. We will send you an email with a link to reset your password.",
      "emailInputCaption": "Email",
      "sendEmailButtonText": "Send Email",
      "changePasswordNavBarTitle": "CHANGE YOUR PASSWORD",
      "changePasswordTitle": "Change your password",
      "changePasswordDescription": "Verification code was sent to your email. If you didn’t receive the recovery email, please check your spam folder.\nOnce you receive the recovery email, please enter the verification code and the new password.",
      "verificationCodeInputPlaceholder": "Enter verification code",
      "verificationCodeCaption": "Verification code",
      "newPasswordCaption": "New password",
      "repeatNewPasswordCaption": "Repeat new password",
      "verificationCodeErrorText": "Enter verification code",
      "repeatPasswordErrorText": "Passwords must match",
      "alertSuccessTitle": "Success",
      "alertSuccessMessage": "Password was successfully changed.\nYou may now proceed to login with the new password.",
      "alertConfirmButton": "OK",
      "alertErrorTitle": "Error",
      "alertErrorMessage": "Password change failed. Please try again.",
      "alertTryAgainMessage": "Something went wrong. Please try again in few moments",
      "confirmButtonText": "Confirm",
      "imagePickerCameraOption": "Take a photo",
      "imagePickerGalleryOption": "Select photo from gallery",
      "typeHerePlaceholder": "Type here...",
      "deleteText": "delete"
    },
    "camera": {
      "changePermissionsButton": "Change permissions",
      "permissionNotGranted": "Camera permission not granted.",
      "codeScannedTitle": "QR Code scanned",
      "codeScannedMessage": "Scanned link: {{url}}",
      "codeMissingUrlMessage": "This code doesn't contain a valid url",
      "cancelButtonLabel": "Cancel",
      "openButtonLabel": "Open"
    },
    "cms": {
      "androidLocationPermissionTitle": "Location Permission",
      "androidLocationPermissionMessage": "This app needs access to your location to display relevant data.",
      "androidLocationPermissionDisabled": "You disabled location permissions for this application. Do you want to enable them now?",
      "androidLocationPermissionEnable": "Enable",
      "iosLocationPermissionDisabled": "You disabled location permissions for this application. Do you want to enable it in settings now?",
      "iosLocationPermissionSettings": "Go to Settings",
      "cancelLocationPermissions": "Cancel",
      "locationPermissionsPrompt": "Grant location access",
      "noLocationsProvidedErrorMessage": "None of your items have a location specified.",
      "directionsButton": "Directions",
      "descriptionTitle": "INFORMATION",
      "mapTitle": "LOCATION",
      "openHours": "OPEN HOURS",
      "emailButton": "Email",
      "phoneButton": "Phone",
      "websiteButton": "Visit webpage",
      "rsvpButton": "RSVP",
      "navBarListViewButton": "List",
      "navBarMapViewButton": "Map",
      "noSearchResultsText": "No results found",
      "searchPlaceholder": "Search"
    },
    "code-push": {
      "newContentAlertTitle": "New content",
      "newContentAlertMessage": "New content is available in the app, would you like to load it now?",
      "laterButton": "Later",
      "acceptButton": "Yes"
    },
    "deals": {
      "couponsRemainingMessage": {
        "one": "{{count}} coupon left",
        "other": "{{count}} coupons left"
      },
      "claimCouponButton": "CLAIM DEAL",
      "redeemCouponButton": "REDEEM DEAL",
      "redeemDealButton": "REDEEM DEAL",
      "dealsMapButton": "Map",
      "dealsGridButton": "Grid",
      "dealsListButton": "List",
      "validUntilLabelWithTime": "Valid until {{time}} on {{weekdayAndDate}}",
      "validUntilLabelWithoutTime": "Valid until {{weekdayAndDate}}",
      "dealDescriptionHeading": "Description",
      "dealConditionsHeading": "Conditions",
      "previousDealLabel": "PREVIOUS",
      "nextDealLabel": "NEXT",
      "visitWebsiteLabel": "Visit website",
      "dealLocationDirections": "Directions",
      "couponClaimedText": "You've claimed this deal.",
      "couponRedeemTimeText": "Time to redeem",
      "couponRedeemInstructionsTitleText": "How to redeem?",
      "couponRedeemInstructions": "Let the cashier confirm the deal you've claimed. Confirming the deal yourself will render it useless.",
      "dealRedeemedText": "You've redeemed this deal.",
      "myDealsTitle": "My deals",
      "myDealsTabText": "Claimed",
      "myDealsAuthenticationRequiredText": "Sign in to view claimed deals",
      "favoriteDealsTabText": "Favorited"
    },
    "events": {
      "addToCalendarButton": "ADD TO CALENDAR",
      "calendarPermissionsTitle": "Grant calendar access",
      "calendarPermissionsMessage": "You disabled calendar access for this application. Do you want to enable it in settings now?",
      "calendarPermissionsSettings": "Go to Settings",
      "calendarPermissionsCancel": "Cancel"
    },
    "favorites": {
      "noFavoritesMessage": "This screen will list your favorites once you add them."
    },
    "ical-events": {
      "addToCalendarButton": "ADD TO CALENDAR",
      "calendarPermissionsTitle": "Grant calendar access",
      "calendarPermissionsMessage": "You disabled calendar access for this application. Do you want to enable it in settings now?",
      "calendarPermissionsSettings": "Go to Settings",
      "calendarPermissionsCancel": "Cancel",
      "noUrlMessage": "Please specify an iCal URL and reload the app."
    },
    "loyalty": {
      "pointsInStore": {
        "one": "{{count}} point collected.",
        "other": "{{count}} points collected.",
        "zero": "No points collected."
      },
      "pointsLabel": "Points",
      "collectPointsButton": "COLLECT",
      "navigationHistoryButton": "History",
      "pointsCollected": "Points collected",
      "noPointsCollected": "No points collected.",
      "pointsRequiredStores": {
        "one": "Requires {{count}} point.",
        "other": "Requires {{count}} points."
      },
      "pointsRequiredRewards": {
        "one": "{{count}} point.",
        "other": "{{count}} points."
      },
      "noHistory": "No activity.",
      "fullHistoryButton": "SHOW ENTIRE HISTORY",
      "pointsHistoryTitle": "POINTS HISTORY",
      "rewardRedeemed": "Reward redeemed",
      "historyItemPointsGainedTitle": "Points gained",
      "historyItemAmountSpent": "${{amountSpent}} spent",
      "historyItemStoreVisited": "Store visited",
      "storeRewardsListTitle": "REWARDS",
      "noRewardsForStore": "Currently, there are no rewards available for this store.",
      "storeDescriptionTitle": "LOCATION INFO",
      "openHours": "OPEN HOURS",
      "rsvp": "Reservation",
      "websiteButton": "Visit webpage",
      "emailButton": "Email",
      "phoneButton": "Phone",
      "cancelButton": "Cancel",
      "locationPermissionsPrompt": "Grant location access",
      "currencyPrefix": "$ ",
      "cashierPointAwardNavBarTitle": "ASSIGN POINTS",
      "cashierPointAwardAssigningTitle": "ASSIGN POINTS FOR",
      "cashierPointAwardReceiptSum": "Receipt sum",
      "cashierPointAwardReceiptCode": "Receipt code",
      "purchaseToggleButton": "Customer made a purchase",
      "visitToggleButton": "Customer visited this store",
      "cashierPointAwardTransactionTitle": "ENTER PURCHASE DETAILS",
      "confirmButton": "CONFIRM",
      "noProgramNavBarTitle": "LOYALTY",
      "noProgramErrorMessage": "Turn on loyalty program in extension settings.",
      "wrongPinErrorTitle": "Wrong PIN",
      "wrongPinErrorMessage": "The PIN you entered was incorrect.",
      "pinPlaceholder": "Enter your PIN",
      "pinVerificationNavBarTitle": "CASHIER PIN",
      "pinVerificationContinueButton": "CONTINUE",
      "refreshButton": "REFRESH",
      "myCardScreenNavBarTitle": "MY CARD",
      "myCardScreenPointsTitle": "Points",
      "scanQrTitle": "SCAN QR CODE",
      "scanQrButton": "START SCANNER",
      "scanBarcodeButton": "SCAN BARCODE",
      "scanBarcodeNavBarTitle": "Scan Barcode",
      "pointsEarnedNavBarTitle": "POINTS EARNED",
      "pointsEarnedAmountSpent": "Your bill was ${{amountSpent}}",
      "pointsEarnedCongratulations": "Congratulations!",
      "pointsEarnedMessage": {
        "one": "You've earned 1 point",
        "other": "You've earned {{count}} points"
      },
      "pointsHistoryNavBarTitle": "POINTS HISTORY",
      "redeemRewardNavBarTitle": "REDEEM REWARD",
      "redeemLaterButton": "REDEEM LATER",
      "redeemNowButton": "REDEEM NOW",
      "redeemMessage": "Your reward can be redeemed.",
      "punchCardRedeemButton": "REDEEM",
      "punchCardStampButton": "STAMP CARD",
      "punchCardStampingNavBarTitle": "STAMP CARD",
      "punchCardStampingDoneButton": "DONE",
      "punchCardStampedMessage": {
        "one": "Your card was stamped once.",
        "other": "Your card was stamped {{count}} times"
      },
      "rewardRedemptionMessage": "You have redeemed your reward",
      "rewardPointRequirement": {
        "one": "Requires {{count}} point",
        "other": "Requires {{count}} points"
      },
      "rewardRedemptionCongratulation": "CONGRATULATIONS",
      "rewardRedemptionContinueButton": "CONTINUE",
      "cardStampingDoneMessage": "STAMP CARD",
      "cashierVerificationMessage": "Show this screen to the Cashier.",
      "usePinInstead": "USE PIN INSTEAD",
      "numberOfRewardsInvalidErrorMessage": "This reward is currently out of stock.",
      "authDataExpressionInvalidErrorMessage": "The barcode is not valid!",
      "transactionExistsErrorMessage": "The bar code was already scanned!",
      "transactionInProgress": "Another transaction is currently in progress, please try again a little later.",
      "noPointsAwardedErrorTitle": "No points selected",
      "noPointsAwardedErrorMessage": "Please select points to award or cancel",
      "cardPointCountInvalid": "Card doesn't have enough points.",
      "processing": "Processing..."
    },
    "navigation": {
      "noContentScreenName": "No content",
      "noScreensMessage": "Sorry, this app doesn't have any screens to open.",
      "androidExitMessage": "Press the back button again to exit."
    },
    "news": {
      "upNext": "UP NEXT"
    },
    "notification-center": {
      "viewNotificationButton": "VIEW",
      "notificationListNavBarTitle": "Notification settings",
      "pushGroupsSettingsNavBarTitle": "SETTINGS",
      "noGroupsErrorMessage": "There are no push groups defined.",
      "pushGroupsPreviewAlertTitle": "Preview mode",
      "pushGroupsPreviewAlertMessage": "Push notifications are not supported in preview mode. You can see groups, but you can't toggle subscriptions. Don't worry, everything works in the live app.",
      "notificationPermissionsAlertTitle": "Enable notifications",
      "notificationPermissionsAlertMessage": "You disabled push notifications for this application. Do you want to enable them in settings now?",
      "notificationPermissionsSettings": "Go to Settings",
      "notificationPermissionsCancel": "Cancel",
      "subscribeToPushGroups": "Send me push notifications for",
      "reminders": "Reminders",
      "reminderToggleTitle": "Remind me to use the app",
      "reminderNavigationItemTitle": "Set a time of reminder",
      "dailyMessagesSectionTitle": "Daily notification messages",
      "dailyMessagesToggleTitle": "Daily notification messages",
      "dailyMessagesNavigationItemTitle": "Set a daily notification messages settings",
      "dailySettingsTitle": "Set a timeframe",
      "dailySettingsDescription": "Set a timeframe in which the app will send you notification messages",
      "timePickerDescription": "What time works for you the best?",
      "confirmButtonTitle": "Confirm",
      "beginsAt": "Begins at",
      "endsAt": "Ends at",
      "timeframeErrorMessage": "Invalid timeframe",
      "reminderSettingsTitle": "Set a time reminder",
      "reminderSettingDescription": "Set a time when you want to be reminded to use the app, if you haven’t that day",
      "reminderMeAt": "Remind me at",
      "dailyMessagesAlertTitle": "Warning",
      "dailyMessagesAlertMessage": "Unsubscribing from daily notification messages will stop all incoming messages for today. Are you sure you want to unsubscribe?",
      "alertCancelButton": "Cancel",
      "alertConfirmButton": "Unsubscribe"
    },
    "permissions": {
      "cancel": "Cancel",
      "missingPermissionsTitle": "Missing Permissions",
      "missingPermissionsMessage": "Please enable necessary permissions in device settings",
      "openSettings": "Go to Settings"
    },
    "push-notifications": {
      "messageReceivedAlert": "Message received",
      "messageReceivedAlertView": "View",
      "messageReceivedAlertDismiss": "Dismiss"
    },
    "rss": {
      "noUrlMessage": "Please specify RSS feed URL and reload the app.",
      "itemNotFoundTitle": "Oops",
      "itemNotFoundMessage": "That item is no longer available.",
      "errorMessage": "Something went wrong.",
      "messageReceivedAlert": "Message received",
      "messageReceivedAlertView": "View",
      "messageReceivedAlertDismiss": "Dismiss"
    },
    "rss-news": {
      "upNext": "UP NEXT"
    },
    "social": {
      "commentButton": "COMMENT",
      "cancelCommentSelectionOption": "Cancel",
      "deleteCommentOption": "Delete",
      "emptySearchListTitle": "It’s empty in here",
      "emptyStartSearchListTitle": "Search user profiles",
      "emptySearchListMessage": "Your search '{{text}}' did not match any profiles.",
      "emptyStartSearchListMessage": "You can find user profiles by typing their name.",
      "loadingMoreComments": "Loading more comments...",
      "likeButton": "LIKE",
      "unlikeButton": "UNLIKE",
      "numberOfLikesMessage": {
        "one": "{{firstUser}} likes this"
      },
      "numberOfOtherUserLikesMessage": {
        "one": "{{firstUser}} and 1 other like this",
        "other": "{{firstUser}} and {{count}} others like this"
      },
      "numberOfLikes": {
        "one": "{{count}} Like",
        "other": "{{count}} Likes"
      },
      "imageSizeWarning": "Image size exceedes the maximum size of 50MB",
      "blankPostWarning": "This post appears to be blank. Please write something.",
      "charactersLeft": "{{numOfCharacters}} characters left",
      "numberOfComments": {
        "one": "{{count}} Comment",
        "other": "{{count}} Comments",
        "zero": "No comments"
      },
      "postCommentButton": "Post",
      "navBarSearchPlaceholder": "Search",
      "searchCancelButton": "Cancel",
      "postDetailsTitle": "POST DETAILS",
      "newStatusTitle": "NEW STATUS",
      "newStatusPlaceholder": "Share your thoughts",
      "viewStatusLikes": "LIKES",
      "deleteStatusOption": "Delete",
      "cancelStatusSelectionOption": "Cancel",
      "postStatusButton": "Post",
      "newCommentPlaceholder": "Add new comment...",
      "postDetailsNavBarTitle": "POST DETAILS",
      "reportOptionSpam": "It's a spam",
      "reportOptionInappropriate": "It's inappropriate",
      "reportOptionAbuse": "It's abusive",
      "reportOptionCancel": "Cancel",
      "blockOption": "Block",
      "reportOption": "Report",
      "unblockOption": "Unblock user",
      "reportPostOption": "Report post",
      "unblockOptionCancel": "Cancel",
      "reportActionSheetTitle": "Report",
      "reportActionSheetMessage": "Why are you reporting this post? ",
      "reportSuccessTitle": "Report sent",
      "reportSuccessMessage": "Your report has been sent to our administrators.",
      "settingsScreentitle": "SETTINGS",
      "settingsScreenSubtitle": "Send me a push notification for",
      "commentsOnMyStatuses": "Comments on my statuses",
      "likesOnMyStatuses": "Likes on my statuses",
      "imagePickerCameraOption": "Take a photo",
      "imagePickerGalleryOption": "Select photo from gallery"
    },
    "user-profile": {
      "defaultErrorMessage": "Something went wrong",
      "goBackToAppButton": "GO BACK TO APP",
      "userProfileCompletedTitle": "Thank you for submitting your application! Your submission will be reviewed by our team.",
      "userProfileCompletedDescription": "You will be notified once you are approved.",
      "myProfileScreenTitle": "MY PROFILE",
      "userProfileScreenTitle": "PROFILE",
      "editUserProfileTitle": "Edit profile",
      "editButtonText": "Edit",
      "submissionCompletedTitle": "SUBMITION COMPLETED",
      "editRequestButton": "Edit request",
      "okButton": "OK",
      "takePhoto": "Take a photo",
      "chooseFromLibrary": "Choose from library",
      "cancel": "Cancel",
      "cannotAccessCameraTitle": "Cannot access camera",
      "cannotAccessCameraMessage": "Please allow access in settings if you want to take photos",
      "galleryPermissionErrorTitle": "Cannot access image library",
      "galleryPermissionErrorMessage": "Please allow access if you want to be able to select images",
      "errorTitle": "Error",
      "errorMessage": "Something went wrong",
      "addMorePhotos": "+ ADD MORE PHOTOS",
      "removeItemTitle": "Remove item",
      "removeItemMessage": "Are you sure you want to remove this item from the gallery?",
      "confirm": "Yes",
      "selectImagesToUpload": "Select images to upload",
      "submitFormButtonTitle": "Send form",
      "noImagesUploaded": "No images uploaded yet",
      "chat": "Chat",
      "video": "Video",
      "logout": "Logout"
    },
    "web-view": {
      "noUrlErrorMessage": "Please enter a valid URL and reload your app.",
      "noUrlErrorTitle": "No URL"
    },
    "wordpress": {
      "upNext": "UP NEXT"
    }
  }
}
