{
  "shoutem": {
    "application": {
      "errorTitle": "Error",
      "preview": {
        "unsupportedActionMessage": "This action cannot be performed in Preview.",
        "pushGroupsPreviewAlertTitle": "Preview mode",
        "pushGroupsPreviewAlertMessage": "Push notifications are not supported in preview mode. You can see groups, but you can't toggle subscriptions. Don't worry, everything works in the live app.",
        "noContentErrorMessage": "Please create content and reload your app."
      },
      "emptyCollectionErrorMessage": "Nothing here at this moment.",
      "unexpectedErrorMessage": "Unexpected error occurred.",
      "tryAgainButton": "TRY AGAIN",
      "configurationLoadErrorMessage": "App configuration failed to load.",
      "networkErrorTitle": "Network error",
      "networkErrorMessage": "No internet connection, please check your network.",
      "noSubscriptionMessage": "This app is currently inactive. Please contact its developer for support!"
    },
    "auth": {
      "appleAuthCanceledError": "The user canceled the authorization attempt.",
      "appleAuthFailedError": "The authorization attempt failed.",
      "appleAuthInvalidResponseError": "The authorization request received an invalid response.",
      "appleAuthNotHandledError": "The authorization request wasn't handled.'",
      "appleAuthUnknownError": "The authorization attempt failed for an unknown reason.",
      "chat": "Chat",
      "consentRequiredError": "You need to agree to the app's terms and conditions to register",
      "doneNavBarButton": "Done",
      "editProfileButton": "EDIT PROFILE",
      "editProfileNavBarTitle": "EDIT PROFILE",
      "emailPlaceholder": "name@domain.com",
      "facebookLogInButton": "Sign in with Facebook",
      "facebookSignUpButton": "Continue with Facebook",
      "formNotFilledErrorMessage": "All form fields are required.",
      "gdprConsentMessage": "I allow this app to collect and use my data, as described in Privacy Policy",
      "emailTakenErrorMessage": "This email address is already registered.",
      "emptyUsernameErrorMessage": "Username/email should not be empty",
      "emptyPasswordErrorMessage": "Password should not be empty",
      "recoverPasswordText": "Recover password?",
      "horizontalSeparatorText": "OR",
      "imageSelectErrorMessage": "Image selection error.",
      "invalidCredentialsErrorMessage": "Wrong username / email or password. Please try again.",
      "invalidEmailFormatErrorMessage": "Make sure your email format is \"name@domain.com\".",
      "invalidPasswordFormatErrorMessage": "Password has to be at least 6 characters long.",
      "invalidUsernameFormatErrorMessage": "Username has to have at least 3 characters, start with a letter and contain only lowercase letters, numbers and underscores.",
      "manualApprovalTitle": "Pending approval",
      "manualApprovalMessage": "Your registration request is being reviewed. Thank you for your patience.",
      "newsletterConsentMessage": "I would like to receive news and event emails from this app",
      "loggedInUserInfo": "Username: {{username}}",
      "logInButton": "Log In",
      "loginCancelErrorMessage": "Login was cancelled.",
      "loginFailedErrorTitle": "Login failed",
      "logInNavBarTitle": "LOG IN",
      "noAccountSectionTitle": "Not a member?",
      "passwordPlaceholder": "Enter your password",
      "profileNavBarLogoutButton": "Logout",
      "profileNavBarTitle": "PROFILE",
      "profileUpdatingErrorMessage": "There was an error while updating your profile. Please try again.",
      "profileUpdatingErrorTitle": "Update failed",
      "registerButton": "Create Account",
      "createNewAccount": "Create new account",
      "registerNavBarTitle": "CREATE NEW ACCOUNT",
      "registrationFailedErrorTitle": "Registration failed",
      "signupAcknowledgement": {
        "leadMessage": "By signing up you agree to our",
        "termsOfService": "Terms of Service",
        "conjuction": " and ",
        "privacyPolicy": "Privacy policy"
      },
      "socialLoginSectionTitle": "or sign in/sign up with your other account",
      "tokenErrorMessage": "Access token is not valid.",
      "unknownEmailErrorMessage": "Your username / email was not found.",
      "userBioTitle": "Bio",
      "userLocation": "Location",
      "userNameAndSurname": "Name and surname",
      "usernameOrEmail": "Username or Email",
      "username": "Username",
      "email": "Email",
      "password": "Password",
      "forgotPasswordText": "Forgot Password?",
      "usernameOrEmailPlaceholder": "Enter your username/email",
      "usernamePlaceholder": "Enter your username",
      "usernameTakenErrorMessage": "That username is taken. Please choose another one or try to sign in.",
      "userWebsite": "Website",
      "videoChat": "Video Chat",
      "passwordRecoveryNavBarTitle": "PASSWORD RECOVERY",
      "passwordRecoveryDescription": "Please enter the email address you used when creating your account. We will send you an email with a link to reset your password.",
      "emailInputCaption": "Email",
      "sendEmailButtonText": "Send Email",
      "changePasswordNavBarTitle": "CHANGE YOUR PASSWORD",
      "changePasswordTitle": "Change your password",
      "changePasswordDescription": "Verification code was sent to your email. If you didn’t receive the recovery email, please check your spam folder.\nOnce you receive the recovery email, please enter the verification code and the new password.",
      "verificationCodeInputPlaceholder": "Enter verification code",
      "verificationCodeCaption": "Verification code",
      "newPasswordCaption": "New password",
      "repeatNewPasswordCaption": "Repeat new password",
      "verificationCodeErrorText": "Enter verification code",
      "repeatPasswordErrorText": "Passwords must match",
      "alertSuccessTitle": "Success",
      "alertSuccessMessage": "Password was successfully changed.\nYou may now proceed to login with the new password.",
      "alertConfirmButton": "OK",
      "alertErrorTitle": "Error",
      "alertErrorMessage": "Password change failed. Please try again.",
      "confirmButtonText": "Confirm"
    },
    "besttime": {
      "besttimeServiceUnavailable": "Service currently not available.",
      "closed": "Closed",
      "currentHourLabel": "Now",
      "googlePlacesErrorSuggestion": "Try entering a more precise address or name",
      "noDataAvailableMessage": "No data available for this business.",
      "noForecastDataMessage": "Not enough data available yet for full forecast.",
      "noGooglePlacesFound": "No places found",
      "noLiveDataMessage": "No live data available at the moment.",
      "noPlaceDetailsFoundMessage": "No information found, venue might be permanently closed.",
      "openAllDay": "Open all day",
      "openNow": "Open now:",
      "searchInstructions": "Search for businesses",
      "searchExplanation": "And find out the best time to visit",
      "showOnMap": "Show on map"
    },
    "camera": {
      "changePermissionsButton": "Change permissions",
      "permissionNotGranted": "Camera permission not granted.",
      "codeScannedTitle": "QR Code scanned",
      "codeScannedMessage": "Scanned link: {{url}}",
      "codeMissingUrlMessage": "This code doesn't contain a valid url",
      "cancelButtonLabel": "Cancel",
      "openButtonLabel": "Open"
    },
    "checklist": {
      "checklistScreenSubmitButton": "Submit",
      "checklistScreenHelpButton": "Help",
      "contactButton": "Contact us via email",
      "goBackButton": "Go back",
      "saveProgressButton": "Save",
      "submitAlertAccept": "Submit",
      "submitAlertCancel": "Go back",
      "submitAlertMessage": "Once you submit your progress, you will no longer be able to edit it.\n Are you sure you want to submit?",
      "submitAlertTitle": "Progress Submission"
    },
    "cms": {
      "androidLocationPermissionTitle": "Location Permission",
      "androidLocationPermissionMessage": "This app needs access to your location to display relevant data.",
      "androidLocationPermissionDisabled": "You disabled location permissions for this application. Do you want to enable them now?",
      "androidLocationPermissionEnable": "Enable",
      "iosLocationPermissionDisabled": "You disabled location permissions for this application. Do you want to enable it in settings now?",
      "iosLocationPermissionSettings": "Go to Settings",
      "cancelLocationPermissions": "Cancel",
      "locationPermissionsPrompt": "Grant location access",
      "noLocationsProvidedErrorMessage": "None of your items have a location specified.",
      "directionsButton": "Directions",
      "descriptionTitle": "INFORMATION",
      "mapTitle": "LOCATION",
      "openHours": "OPEN HOURS",
      "emailButton": "Email",
      "phoneButton": "Phone",
      "websiteButton": "Visit webpage",
      "rsvpButton": "RSVP",
      "navBarListViewButton": "List",
      "navBarMapViewButton": "Map"
    },
    "code-push": {
      "newContentAlertTitle": "New content",
      "newContentAlertMessage": "New content is available in the app, would you like to load it now?",
      "laterButton": "Later",
      "acceptButton": "Yes"
    },
    "deals": {
      "couponsRemainingMessage": {
        "one": "{{count}} coupon left",
        "other": "{{count}} coupons left"
      },
      "claimCouponButton": "CLAIM DEAL",
      "redeemCouponButton": "REDEEM DEAL",
      "redeemDealButton": "REDEEM DEAL",
      "dealsMapButton": "Map",
      "dealsGridButton": "Grid",
      "dealsListButton": "List",
      "dealDescriptionHeading": "Description",
      "dealConditionsHeading": "Conditions",
      "previousDealLabel": "PREVIOUS",
      "nextDealLabel": "NEXT",
      "visitWebsiteLabel": "Visit website",
      "dealLocationDirections": "Directions",
      "couponClaimedText": "You've claimed this deal.",
      "couponRedeemTimeText": "Time to redeem",
      "couponRedeemInstructionsTitleText": "How to redeem?",
      "couponRedeemInstructions": "Let the cashier confirm the deal you've claimed. Confirming the deal yourself will render it useless.",
      "dealRedeemedText": "You've redeemed this deal.",
      "myDealsTabText": "Claimed",
      "myDealsAuthenticationRequiredText": "Sign in to view claimed deals",
      "favoriteDealsTabText": "Favorited"
    },
    "events": {
      "addToCalendarButton": "ADD TO CALENDAR",
      "calendarPermissionsTitle": "Grant calendar access",
      "calendarPermissionsMessage": "You disabled calendar access for this application. Do you want to enable it in settings now?",
      "calendarPermissionsSettings": "Go to Settings",
      "calendarPermissionsCancel": "Cancel"
    },
    "favorites": {
      "noFavoritesMessage": "This screen will list your favorites once you add them."
    },
    "agora": {
      "cancel": "Cancel",
      "localUserFailsToConnectTitle": "Unable to establish video call",
      "localUserFailsToConnectMessage": "Please try again later or contact the app owner.",
      "missingPermissionsTitle": "Camera and Microphone Access Required",
      "missingPermissionsMessage": "Please enable access to your camera and microphone in the Settings",
      "missingUidErrorTitle": "User ID is missing",
      "missingUidErrorMessage": "Unable to join the channel. Please try again later.",
      "openSettings": "Go to Settings",
      "userNotAuthenticatedTitle": "User not logged in",
      "userNotAuthenticatedMessage": "You must be logged in to use video call feature.",
      "waitingToJoinFirstPart": "Waiting for",
      "waitingToJoinSecondPart": "to connect..."
    },
    "books": {
      "buyButtonText": "BUY THIS BOOK"
    },
    "ical-events": {
      "addToCalendarButton": "ADD TO CALENDAR",
      "calendarPermissionsTitle": "Grant calendar access",
      "calendarPermissionsMessage": "You disabled calendar access for this application. Do you want to enable it in settings now?",
      "calendarPermissionsSettings": "Go to Settings",
      "calendarPermissionsCancel": "Cancel",
      "noUrlMessage": "Please specify an iCal URL and reload the app."
    },
    "interactive-faq": {
      "backButtonTitle": "< Back"
    },
    "loyalty": {
      "pointsInStore": {
        "one": "{{count}} point collected.",
        "other": "{{count}} points collected.",
        "zero": "No points collected."
      },
      "pointsLabel": "Points",
      "collectPointsButton": "COLLECT",
      "navigationHistoryButton": "History",
      "pointsCollected": "Points collected",
      "noPointsCollected": "No points collected.",
      "pointsRequiredStores": {
        "one": "Requires {{count}} point.",
        "other": "Requires {{count}} points."
      },
      "pointsRequiredRewards": {
        "one": "{{count}} point.",
        "other": "{{count}} points."
      },
      "noHistory": "No activity.",
      "fullHistoryButton": "SHOW ENTIRE HISTORY",
      "pointsHistoryTitle": "POINTS HISTORY",
      "rewardRedeemed": "Reward redeemed",
      "historyItemPointsGainedTitle": "Points gained",
      "historyItemAmountSpent": "${{amountSpent}} spent",
      "historyItemStoreVisited": "Store visited",
      "storeRewardsListTitle": "REWARDS",
      "noRewardsForStore": "Currently, there are no rewards available for this store.",
      "storeDescriptionTitle": "LOCATION INFO",
      "openHours": "OPEN HOURS",
      "rsvp": "Reservation",
      "websiteButton": "Visit webpage",
      "emailButton": "Email",
      "phoneButton": "Phone",
      "cancelButton": "Cancel",
      "locationPermissionsPrompt": "Grant location access",
      "currencyPrefix": "$ ",
      "cashierPointAwardNavBarTitle": "ASSIGN POINTS",
      "cashierPointAwardAssigningTitle": "ASSIGN POINTS FOR",
      "cashierPointAwardReceiptSum": "Receipt sum",
      "cashierPointAwardReceiptCode": "Receipt code",
      "purchaseToggleButton": "Customer made a purchase",
      "visitToggleButton": "Customer visited this store",
      "cashierPointAwardTransactionTitle": "ENTER PURCHASE DETAILS",
      "confirmButton": "CONFIRM",
      "noProgramNavBarTitle": "LOYALTY",
      "noProgramErrorMessage": "Turn on loyalty program in extension settings.",
      "wrongPinErrorTitle": "Wrong PIN",
      "wrongPinErrorMessage": "The PIN you entered was incorrect.",
      "pinPlaceholder": "Enter your PIN",
      "pinVerificationNavBarTitle": "CASHIER PIN",
      "pinVerificationContinueButton": "CONTINUE",
      "refreshButton": "REFRESH",
      "myCardScreenNavBarTitle": "MY CARD",
      "myCardScreenPointsTitle": "Points",
      "scanQrTitle": "SCAN QR CODE",
      "scanQrButton": "START SCANNER",
      "scanBarcodeButton": "SCAN BARCODE",
      "scanBarcodeNavBarTitle": "Scan Barcode",
      "pointsEarnedNavBarTitle": "POINTS EARNED",
      "pointsEarnedAmountSpent": "Your bill was ${{amountSpent}}",
      "pointsEarnedCongratulations": "Congratulations!",
      "pointsEarnedMessage": {
        "one": "You've earned 1 point",
        "other": "You've earned {{count}} points"
      },
      "pointsHistoryNavBarTitle": "POINTS HISTORY",
      "redeemRewardNavBarTitle": "REDEEM REWARD",
      "redeemLaterButton": "REDEEM LATER",
      "redeemNowButton": "REDEEM NOW",
      "redeemMessage": "Your reward can be redeemed.",
      "punchCardRedeemButton": "REDEEM",
      "punchCardStampButton": "STAMP CARD",
      "punchCardStampingNavBarTitle": "STAMP CARD",
      "punchCardStampingDoneButton": "DONE",
      "punchCardStampedMessage": {
        "one": "Your card was stamped once.",
        "other": "Your card was stamped {{count}} times"
      },
      "rewardRedemptionMessage": "You have redeemed your reward",
      "rewardPointRequirement": {
        "one": "Requires {{count}} point",
        "other": "Requires {{count}} points"
      },
      "rewardRedemptionCongratulation": "CONGRATULATIONS",
      "rewardRedemptionContinueButton": "CONTINUE",
      "cardStampingDoneMessage": "STAMP CARD",
      "cashierVerificationMessage": "Show this screen to the Cashier.",
      "usePinInstead": "USE PIN INSTEAD",
      "numberOfRewardsInvalidErrorMessage": "This reward is currently out of stock.",
      "authDataExpressionInvalidErrorMessage": "The barcode is not valid!",
      "transactionExistsErrorMessage": "The bar code was already scanned!",
      "transactionInProgress": "Another transaction is currently in progress, please try again a little later.",
      "noPointsAwardedErrorTitle": "No points selected",
      "noPointsAwardedErrorMessage": "Please select points to award or cancel",
      "cardPointCountInvalid": "Card doesn't have enough points.",
      "processing": "Processing..."
    },
    "navigation": {
      "noScreensMessage": "Sorry, this app doesn't have any screens to open.",
      "androidExitMessage": "Press the back button again to exit."
    },
    "news": {
      "upNext": "UP NEXT"
    },
    "notification-center": {
      "viewNotificationButton": "VIEW",
      "notificationListNavBarTitle": "Notification settings",
      "pushGroupsSettingsNavBarTitle": "SETTINGS",
      "noGroupsErrorMessage": "There are no push groups defined.",
      "pushGroupsPreviewAlertTitle": "Preview mode",
      "pushGroupsPreviewAlertMessage": "Push notifications are not supported in preview mode. You can see groups, but you can't toggle subscriptions. Don't worry, everything works in the live app.",
      "notificationPermissionsAlertTitle": "Enable notifications",
      "notificationPermissionsAlertMessage": "You disabled push notifications for this application. Do you want to enable them in settings now?",
      "notificationPermissionsSettings": "Go to Settings",
      "notificationPermissionsCancel": "Cancel",
      "subscribeToPushGroups": "Send me push notifications for",
      "reminders": "Reminders",
      "reminderToggleTitle": "Remind me to use the app",
      "reminderNavigationItemTitle": "Set a time of reminder",
      "dailyMessagesSectionTitle": "Daily notification messages",
      "dailyMessagesToggleTitle": "Daily notification messages",
      "dailyMessagesNavigationItemTitle": "Set a daily notification messages settings",
      "dailySettingsTitle": "Set a timeframe",
      "dailySettingsDescription": "Set a timeframe in which the app will send you notification messages",
      "timePickerDescription": "What time works for you the best?",
      "confirmButtonTitle": "Confirm",
      "beginsAt": "Begins at",
      "endsAt": "Ends at",
      "timeframeErrorMessage": "Invalid timeframe",
      "reminderSettingsTitle": "Set a time reminder",
      "reminderSettingDescription": "Set a time when you want to be reminded to use the app, if you haven’t that day",
      "reminderMeAt": "Remind me at",
      "dailyMessagesAlertTitle": "Warning",
      "dailyMessagesAlertMessage": "Unsubscribing from daily notification messages will stop all incoming messages for today. Are you sure you want to unsubscribe?",
      "alertCancelButton": "Cancel",
      "alertConfirmButton": "Unsubscribe"
    },
    "permissions": {
      "cancel": "Cancel",
      "missingPermissionsTitle": "Missing Permissions",
      "missingPermissionsMessage": "Please enable necessary permissions in device settings",
      "openSettings": "Go to Settings"
    },
    "podcast": {
      "upNext": "UP NEXT"
    },
    "push-notifications": {
      "messageReceivedAlert": "Message received",
      "messageReceivedAlertView": "View",
      "messageReceivedAlertDismiss": "Dismiss"
    },
    "radio": {
      "buffering": "Buffering...",
      "missingStreamUrl": "Please enter a valid stream URL and reload your app.",
      "nowPlaying": "Now playing",
      "pressToPlay": "Press play to start the stream"
    },
    "rss": {
      "noUrlMessage": "Please specify RSS feed URL and reload the app.",
      "itemNotFoundTitle": "Oops",
      "itemNotFoundMessage": "That item is no longer available.",
      "errorMessage": "Something went wrong."
    },
    "rss-news": {
      "upNext": "UP NEXT"
    },
    "sendbird": {
      "userUnavailableMessage": "This user currently isn't available to chat.",
      "genericErrorMessage": "Something went wrong. Try again in a few moments.",
      "chatUnavailableErrorTitle": "Chat unavailable",
      "chatEncryptionMessage": "Messages in this chat are private and encrypted.",
      "chatNotConfiguredMessage": "Chat feature is not available due to invalid configuration.",
      "chatsTitle": "Chats",
      "otherContactsTitle": "Other Contacts",
      "isTypingSuffix": " is typing...",
      "textInputPlaceholder": "Type a message...",
      "emptyChatListTitle": "It’s empty in here",
      "emptyChatListMessage": "You can start a conversation by looking for person you want to chat with",
      "newMessagesLabel": "NEW",
      "searchBarPlaceholder": "Search conversations or start a new one...",
      "subscriptionInvalidMessage": "Chat feature won't be available until this app has a valid subscription."
    },
    "shopify": {
      "totalPrice": "Total price:",
      "itemQuantity": "Quantity: ",
      "addToCartButton": "ADD TO CART",
      "noItemsInCollection": "There are no products in this collection.",
      "noItemsWithSpecificTag": "There are no products with tags that match: ",
      "itemSearchPlaceholder": "Search",
      "cancelSearchButton": "Cancel",
      "fetchingShopErrorMessage": "There was an error while fetching the shop.\n",
      "checkoutErrorTitle": "Error with checkout",
      "checkoutEmail": "Email",
      "checkoutFirstName": "First name",
      "checkoutLastName": "Last name",
      "checkoutAddress": "Address",
      "checkoutCity": "City",
      "checkoutProvince": "Province",
      "checkoutPostalCode": "Postal code",
      "checkoutCardNumber": "Card number",
      "checkoutExpiryYear": "Expiry year (yy)",
      "checkoutExpiryMonth": "Expiry month (mm)",
      "checkoutSecurityCode": "Security code",
      "countrySelectionPlaceholder": "Select",
      "checkoutFormErrorTitle": "Checkout form error",
      "checkoutFormErrorMessage": "All fields are mandatory. Check if you missed some.",
      "countrySelectionTitle": "COUNTRY",
      "checkoutNavBarTitle": "CHECKOUT",
      "checkoutContinueButton": "CONTINUE",
      "doneButton": "Done",
      "addItemConfirmButton": "CONFIRM",
      "cartItemUpdateButton": "UPDATE",
      "cartItemRemoveButton": "REMOVE",
      "addToCartNavBarTitle": "ADD TO CART",
      "orderCompletedNavBarTitle": "ORDER COMPLETE",
      "thankYouMessage": "Thank you {{firstNameOfBuyer}}!",
      "orderConfirmationTitle": "YOUR ORDER IS CONFIRMED",
      "orderRegistered": "Your order was registered with #{{orderNumber}}",
      "orderConfirmationMessage": "We've accepted your offer and we're getting it ready. A confirmation email has been sent to ",
      "customerInformationTitle": "CUSTOMER INFORMATION",
      "shippingAddress": "SHIPPING ADDRESS",
      "billingAddress": "BILLING ADDRESS",
      "orderSummary": "ORDER SUMMARY",
      "returnToShopButton": "RETURN TO SHOP",
      "paymentInfoCardNumber": "Card number",
      "paymentInfoExpiryMonth": "Expiry month (mm)",
      "paymentInfoExpiryYear": "Expiry year (yy)",
      "paymentInfoCvv": "Security code",
      "paymentInfoFirstName": "First name",
      "paymentInfoLastName": "Last name",
      "paymentInfoFormErrorTitle": "Payment information form error",
      "paymentInfoFormErrorMessage": "All fields are mandatory. Check if you missed some.",
      "completePaymentButton": "COMPLETE PAYMENT",
      "paymentScreenNavBarTitle": "PAYMENT",
      "paymentErrorTitle": "Payment",
      "paymentFillAllFieldsError": "Please fill all fields",
      "paymentExpiryMonthError": "Please enter a valid expiry month",
      "paymentExpiryYearError": "Please enter a valid expiry year",
      "cartScreenProductName": "PRODUCT NAME",
      "cartScreenProductPrice": "PRICE",
      "proceedToCheckoutButton": "PROCEED TO CHECKOUT",
      "cartScreenNavBarTitle": "SHOPPING CART",
      "emptyCartMessage": "You haven't added any products yet.",
      "shopTitlePlaceholder": "SHOP",
      "outOfStockMessage": "Out of stock",
      "updateItemScreenProductPrice": "Price:"
    },
    "social": {
      "commentButton": "COMMENT",
      "cancelCommentSelectionOption": "Cancel",
      "deleteCommentOption": "Delete",
      "emptySearchListTitle": "It’s empty in here",
      "emptyStartSearchListTitle": "Search user profiles",
      "emptySearchListMessage": "Your search '{{text}}' did not match any profiles.",
      "emptyStartSearchListMessage": "You can find user profiles by typing their name.",
      "loadingMoreComments": "Loading more comments...",
      "likeButton": "LIKE",
      "unlikeButton": "UNLIKE",
      "numberOfLikesMessage": {
        "one": "{{firstUser}} likes this"
      },
      "numberOfOtherUserLikesMessage": {
        "one": "{{firstUser}} and 1 other like this",
        "other": "{{firstUser}} and {{count}} others like this"
      },
      "numberOfLikes": {
        "one": "{{count}} Like",
        "other": "{{count}} Likes"
      },
      "blankPostWarning": "This post appears to be blank. Please write something.",
      "numberOfComments": {
        "one": "{{count}} Comment",
        "other": "{{count}} Comments",
        "zero": "No comments"
      },
      "postCommentButton": "Post",
      "navBarSearchPlaceholder": "Search",
      "searchCancelButton": "Cancel",
      "postDetailsTitle": "POST DETAILS",
      "newStatusTitle": "NEW STATUS",
      "newStatusPlaceholder": "Share your thoughts",
      "viewStatusLikes": "LIKES",
      "deleteStatusOption": "Delete",
      "cancelStatusSelectionOption": "Cancel",
      "postStatusButton": "Post",
      "newCommentPlaceholder": "Add new comment...",
      "postDetailsNavBarTitle": "POST DETAILS",
      "reportOptionSpam": "It's a spam",
      "reportOptionInappropriate": "It's inappropriate",
      "reportOptionAbuse": "It's abusive",
      "reportOptionCancel": "Cancel",
      "reportActionSheetTitle": "Report",
      "reportActionSheetMessage": "Why are you reporting this post? ",
      "reportSuccessTitle": "Report sent",
      "reportSuccessMessage": "Your report has been sent to our administrators.",
      "settingsScreentitle": "SETTINGS",
      "settingsScreenSubtitle": "Send me a push notification for",
      "commentsOnMyStatuses": "Comments on my statuses",
      "likesOnMyStatuses": "Likes on my statuses"
    },
    "web-view": {
      "noUrlErrorMessage": "Please enter a valid URL and reload your app.",
      "noUrlErrorTitle": "No URL"
    },
    "wordpress": {
      "upNext": "UP NEXT"
    }
  }
}
