{
  "shoutem": {
    "application": {
      "errorTitle": "Error",
      "preview": {
        "unsupportedActionMessage": "This action cannot be performed in Preview.",
        "pushGroupsPreviewAlertTitle": "Preview mode",
        "pushGroupsPreviewAlertMessage": "Push notifications are not supported in preview mode. You can see groups, but you can't toggle subscriptions. Don't worry, everything works in the live app.",
        "noContentErrorMessage": "Please create content and reload your app."
      },
      "emptyCollectionErrorMessage": "Nothing here at this moment.",
      "unexpectedErrorMessage": "Unexpected error occurred.",
      "tryAgainButton": "TRY AGAIN",
      "configurationLoadErrorMessage": "App configuration failed to load.",
      "networkErrorTitle": "Network error",
      "networkErrorMessage": "No internet connection, please check your network.",
      "noSubscriptionMessage": "This app is currently inactive. Please contact its developer for support!"
    },
    "agora": {
      "cancel": "Cancel",
      "localUserFailsToConnectTitle": "Unable to establish video call",
      "localUserFailsToConnectMessage": "Please try again later or contact the app owner.",
      "missingPermissionsTitle": "Camera and Microphone Access Required",
      "missingPermissionsMessage": "Please enable access to your camera and microphone in the Settings",
      "missingUidErrorTitle": "User ID is missing",
      "missingUidErrorMessage": "Unable to join the channel. Please try again later.",
      "openSettings": "Go to Settings",
      "userNotAuthenticatedTitle": "User not logged in",
      "userNotAuthenticatedMessage": "You must be logged in to use video call feature.",
      "waitingToJoinFirstPart": "Waiting for",
      "waitingToJoinSecondPart": "to connect..."
    },
    "auth": {
      "appleAuthCanceledError": "The user canceled the authorization attempt.",
      "appleAuthFailedError": "The authorization attempt failed.",
      "appleAuthInvalidResponseError": "The authorization request received an invalid response.",
      "appleAuthNotHandledError": "The authorization request wasn't handled.'",
      "appleAuthUnknownError": "The authorization attempt failed for an unknown reason.",
      "chat": "Chat",
      "doneNavBarButton": "Done",
      "editProfileButton": "EDIT PROFILE",
      "editProfileNavBarTitle": "EDIT PROFILE",
      "emailPlaceholder": "name@domain.com",
      "facebookLogInButton": "Sign in with Facebook",
      "facebookSignUpButton": "Continue with Facebook",
      "formNotFilledErrorMessage": "All form fields are required.",
      "horizontalSeparatorText": "OR",
      "imageSelectErrorMessage": "Image selection error.",
      "invalidCredentialsErrorMessage": "Wrong username / email or password. Please try again.",
      "invalidEmailFormatErrorMessage": "Wrong email format. Make sure your email format is name@domain.com",
      "invalidPasswordFormatErrorMessage": "Password has to be at least 6 characters long. Please try again.",
      "invalidUsernameFormatErrorMessage": "Please change the username so it has at least 3 characters, starts with a letter and contains only letters, numbers and underscores.",
      "manualApprovalTitle": "Pending approval",
      "manualApprovalMessage": "Your registration request is being reviewed. Thank you for your patience.",
      "loggedInUserInfo": "Username: {{username}}",
      "logInButton": "Log In",
      "loginCancelErrorMessage": "Login was cancelled.",
      "loginFailedErrorTitle": "Login failed",
      "logInNavBarTitle": "LOG IN",
      "noAccountSectionTitle": "Not a member?",
      "passwordPlaceholder": "Enter your password",
      "profileNavBarLogoutButton": "Logout",
      "profileNavBarTitle": "PROFILE",
      "profileUpdatingErrorMessage": "There was an error while updating your profile. Please try again.",
      "profileUpdatingErrorTitle": "Update failed",
      "registerButton": "Create Account",
      "createNewAccount": "Create new account",
      "registerNavBarTitle": "CREATE NEW ACCOUNT",
      "registrationFailedErrorTitle": "Registration failed",
      "socialLoginSectionTitle": "or sign in/sign up with your other account",
      "tokenErrorMessage": "Access token is not valid.",
      "unknownEmailErrorMessage": "Your username / email was not found.",
      "userBioTitle": "Bio",
      "userLocation": "Location",
      "userNameAndSurname": "Name and surname",
      "usernameOrEmail": "Username or Email",
      "username": "Username",
      "email": "Email",
      "password": "Password",
      "usernameOrEmailPlaceholder": "Enter your username/email",
      "usernamePlaceholder": "Enter your username",
      "usernameTakenErrorMessage": "That email or username is taken. Please choose another one or try to sign in.",
      "userWebsite": "Website",
      "videoChat": "Video Chat"
    },
    "books": {
      "buyButtonText": "BUY THIS BOOK"
    },
    "camera": {
      "changePermissionsButton": "Change permissions",
      "permissionNotGranted": "Camera permission not granted."
    },
    "cms": {
      "androidLocationPermissionTitle": "Location Permission",
      "androidLocationPermissionMessage": "This app needs access to your location to display relevant data.",
      "androidLocationPermissionDisabled": "You disabled location permissions for this application. Do you want to enable them now?",
      "androidLocationPermissionEnable": "Enable",
      "iosLocationPermissionDisabled": "You disabled location permissions for this application. Do you want to enable it in settings now?",
      "iosLocationPermissionSettings": "Go to Settings",
      "cancelLocationPermissions": "Cancel",
      "locationPermissionsPrompt": "Grant location access",
      "noLocationsProvidedErrorMessage": "None of your items have a location specified.",
      "directionsButton": "Directions",
      "descriptionTitle": "INFORMATION",
      "mapTitle": "LOCATION",
      "openHours": "OPEN HOURS",
      "emailButton": "Email",
      "phoneButton": "Phone",
      "websiteButton": "Visit webpage",
      "rsvpButton": "RSVP",
      "navBarListViewButton": "List",
      "navBarMapViewButton": "Map"
    },
    "code-push": {
      "newContentAlertTitle": "New content",
      "newContentAlertMessage": "New content is available in the app, would you like to load it now?",
      "laterButton": "Later",
      "acceptButton": "Yes"
    },
    "deals": {
      "couponsRemainingMessage": {
        "one": "{{count}} coupon left",
        "other": "{{count}} coupons left"
      },
      "claimCouponButton": "CLAIM DEAL",
      "redeemCouponButton": "REDEEM DEAL",
      "redeemDealButton": "REDEEM DEAL",
      "dealsMapButton": "Map",
      "dealsGridButton": "Grid",
      "dealsListButton": "List",
      "dealDescriptionHeading": "Description",
      "dealConditionsHeading": "Conditions",
      "previousDealLabel": "PREVIOUS",
      "nextDealLabel": "NEXT",
      "visitWebsiteLabel": "Visit website",
      "dealLocationDirections": "Directions",
      "couponClaimedText": "You've claimed this deal.",
      "couponRedeemTimeText": "Time to redeem",
      "couponRedeemInstructionsTitleText": "How to redeem?",
      "couponRedeemInstructions": "Let the cashier confirm the deal you've claimed. Confirming the deal yourself will render it useless.",
      "dealRedeemedText": "You've redeemed this deal.",
      "myDealsTabText": "Claimed",
      "myDealsAuthenticationRequiredText": "Sign in to view claimed deals",
      "favoriteDealsTabText": "Favorited"
    },
    "events": {
      "addToCalendarButton": "ADD TO CALENDAR",
      "calendarPermissionsTitle": "Grant calendar access",
      "calendarPermissionsMessage": "You disabled calendar access for this application. Do you want to enable it in settings now?",
      "calendarPermissionsSettings": "Go to Settings",
      "calendarPermissionsCancel": "Cancel"
    },
    "favorites": {
      "noFavoritesMessage": "This screen will list your favorites once you add them."
    },
    "ical-events": {
      "addToCalendarButton": "ADD TO CALENDAR",
      "calendarPermissionsTitle": "Grant calendar access",
      "calendarPermissionsMessage": "You disabled calendar access for this application. Do you want to enable it in settings now?",
      "calendarPermissionsSettings": "Go to Settings",
      "calendarPermissionsCancel": "Cancel",
      "noUrlMessage": "Please specify an iCal URL and reload the app."
    },
    "interactive-faq": {
      "backButtonTitle": "< Back"
    },
    "loyalty": {
      "pointsInStore": {
        "one": "{{count}} point collected.",
        "other": "{{count}} points collected.",
        "zero": "No points collected."
      },
      "pointsLabel": "Points",
      "collectPointsButton": "COLLECT",
      "navigationHistoryButton": "History",
      "pointsCollected": "Points collected",
      "noPointsCollected": "No points collected.",
      "pointsRequiredStores": {
        "one": "Requires {{count}} point.",
        "other": "Requires {{count}} points."
      },
      "pointsRequiredRewards": {
        "one": "{{count}} point.",
        "other": "{{count}} points."
      },
      "noHistory": "No activity.",
      "fullHistoryButton": "SHOW ENTIRE HISTORY",
      "pointsHistoryTitle": "POINTS HISTORY",
      "rewardRedeemed": "Reward redeemed",
      "historyItemPointsGainedTitle": "Points gained",
      "historyItemAmountSpent": "${{amountSpent}} spent",
      "historyItemStoreVisited": "Store visited",
      "storeRewardsListTitle": "REWARDS",
      "noRewardsForStore": "Currently, there are no rewards available for this store.",
      "storeDescriptionTitle": "LOCATION INFO",
      "openHours": "OPEN HOURS",
      "rsvp": "Reservation",
      "websiteButton": "Visit webpage",
      "emailButton": "Email",
      "phoneButton": "Phone",
      "cancelButton": "Cancel",
      "locationPermissionsPrompt": "Grant location access",
      "currencyPrefix": "$ ",
      "cashierPointAwardNavBarTitle": "ASSIGN POINTS",
      "cashierPointAwardAssigningTitle": "ASSIGN POINTS FOR",
      "cashierPointAwardReceiptSum": "Receipt sum",
      "cashierPointAwardReceiptCode": "Receipt code",
      "purchaseToggleButton": "Customer made a purchase",
      "visitToggleButton": "Customer visited this store",
      "cashierPointAwardTransactionTitle": "ENTER PURCHASE DETAILS",
      "confirmButton": "CONFIRM",
      "noProgramNavBarTitle": "LOYALTY",
      "noProgramErrorMessage": "Turn on loyalty program in extension settings.",
      "wrongPinErrorTitle": "Wrong PIN",
      "wrongPinErrorMessage": "The PIN you entered was incorrect.",
      "pinPlaceholder": "Enter your PIN",
      "pinVerificationNavBarTitle": "CASHIER PIN",
      "pinVerificationContinueButton": "CONTINUE",
      "refreshButton": "REFRESH",
      "myCardScreenNavBarTitle": "MY CARD",
      "myCardScreenPointsTitle": "Points",
      "scanQrTitle": "SCAN QR CODE",
      "scanQrButton": "START SCANNER",
      "scanBarcodeButton": "SCAN BARCODE",
      "scanBarcodeNavBarTitle": "Scan Barcode",
      "pointsEarnedNavBarTitle": "POINTS EARNED",
      "pointsEarnedAmountSpent": "Your bill was ${{amountSpent}}",
      "pointsEarnedCongratulations": "Congratulations!",
      "pointsEarnedMessage": {
        "one": "You've earned 1 point",
        "other": "You've earned {{count}} points"
      },
      "pointsHistoryNavBarTitle": "POINTS HISTORY",
      "redeemRewardNavBarTitle": "REDEEM REWARD",
      "redeemLaterButton": "REDEEM LATER",
      "redeemNowButton": "REDEEM NOW",
      "redeemMessage": "Your reward can be redeemed.",
      "punchCardRedeemButton": "REDEEM",
      "punchCardStampButton": "STAMP CARD",
      "punchCardStampingNavBarTitle": "STAMP CARD",
      "punchCardStampingDoneButton": "DONE",
      "punchCardStampedMessage": {
        "one": "Your card was stamped once.",
        "other": "Your card was stamped {{count}} times"
      },
      "rewardRedemptionMessage": "You have redeemed your reward",
      "rewardPointRequirement": {
        "one": "Requires {{count}} point",
        "other": "Requires {{count}} points"
      },
      "rewardRedemptionCongratulation": "CONGRATULATIONS",
      "rewardRedemptionContinueButton": "CONTINUE",
      "cardStampingDoneMessage": "STAMP CARD",
      "cashierVerificationMessage": "Show this screen to the Cashier.",
      "usePinInstead": "USE PIN INSTEAD",
      "numberOfRewardsInvalidErrorMessage": "This reward is currently out of stock.",
      "authDataExpressionInvalidErrorMessage": "The barcode is not valid!",
      "transactionExistsErrorMessage": "The bar code was already scanned!",
      "transactionInProgress": "Another transaction is currently in progress, please try again a little later.",
      "noPointsAwardedErrorTitle": "No points selected",
      "noPointsAwardedErrorMessage": "Please select points to award or cancel",
      "cardPointCountInvalid": "Card doesn't have enough points.",
      "processing": "Processing..."
    },
    "navigation": {
      "noScreensMessage": "Sorry, this app doesn't have any screens to open.",
      "androidExitMessage": "Press the back button again to exit."
    },
    "news": {
      "upNext": "UP NEXT"
    },
    "notification-center": {
      "viewNotificationButton": "VIEW",
      "notificationListNavBarTitle": "NOTIFICATIONS",
      "pushGroupsSettingsNavBarTitle": "SETTINGS",
      "noGroupsErrorMessage": "There are no push groups defined.",
      "pushGroupsPreviewAlertTitle": "Preview mode",
      "pushGroupsPreviewAlertMessage": "Push notifications are not supported in preview mode. You can see groups, but you can't toggle subscriptions. Don't worry, everything works in the live app.",
      "notificationPermissionsAlertTitle": "Enable notifications",
      "notificationPermissionsAlertMessage": "You disabled push notifications for this application. Do you want to enable them in settings now?",
      "notificationPermissionsSettings": "Go to Settings",
      "notificationPermissionsCancel": "Cancel",
      "subscribeToPushGroups": "Send me push notifications for"
    },
    "podcast": {
      "upNext": "UP NEXT"
    },
    "push-notifications": {
      "messageReceivedAlert": "Message received",
      "messageReceivedAlertView": "View",
      "messageReceivedAlertDismiss": "Dismiss"
    },
    "radio": {
      "buffering": "Buffering...",
      "missingStreamUrl": "Please enter a valid stream URL and reload your app.",
      "nowPlaying": "Now playing",
      "pressToPlay": "Press play to start the stream"
    },
    "rss": {
      "noUrlMessage": "Please specify RSS feed URL and reload the app.",
      "itemNotFoundTitle": "Oops",
      "itemNotFoundMessage": "That item is no longer available.",
      "errorMessage": "Something went wrong."
    },
    "rss-news": {
      "upNext": "UP NEXT"
    },
    "sendbird": {
      "userUnavailableMessage": "This user currently isn't available to chat.",
      "genericErrorMessage": "Something went wrong. Try again in a few moments.",
      "chatUnavailableErrorTitle": "Chat unavailable",
      "chatEncryptionMessage": "Messages in this chat are private and encrypted.",
      "chatNotConfiguredMessage": "Chat feature is not available due to invalid configuration.",
      "isTypingSuffix": " is typing...",
      "textInputPlaceholder": "Type a message...",
      "emptyChatListTitle": "It’s empty in here",
      "emptyChatListMessage": "You can start a conversation by looking for person you want to chat with",
      "newMessagesLabel": "NEW",
      "searchBarPlaceholder": "Search conversations or start a new one...",
      "subscriptionInvalidMessage": "Chat feature won't be available until this app has a valid subscription."
    },
    "shopify": {
      "totalPrice": "Total price:",
      "itemQuantity": "Quantity: ",
      "addToCartButton": "ADD TO CART",
      "noItemsInCollection": "There are no products in this collection.",
      "noItemsWithSpecificTag": "There are no products with tags that match: ",
      "itemSearchPlaceholder": "Search",
      "cancelSearchButton": "Cancel",
      "fetchingShopErrorMessage": "There was an error while fetching the shop.\n",
      "checkoutErrorTitle": "Error with checkout",
      "checkoutEmail": "Email",
      "checkoutFirstName": "First name",
      "checkoutLastName": "Last name",
      "checkoutAddress": "Address",
      "checkoutCity": "City",
      "checkoutProvince": "Province",
      "checkoutPostalCode": "Postal code",
      "checkoutCardNumber": "Card number",
      "checkoutExpiryYear": "Expiry year (yy)",
      "checkoutExpiryMonth": "Expiry month (mm)",
      "checkoutSecurityCode": "Security code",
      "countrySelectionPlaceholder": "Select",
      "checkoutFormErrorTitle": "Checkout form error",
      "checkoutFormErrorMessage": "All fields are mandatory. Check if you missed some.",
      "countrySelectionTitle": "COUNTRY",
      "checkoutNavBarTitle": "CHECKOUT",
      "checkoutContinueButton": "CONTINUE",
      "doneButton": "Done",
      "addItemConfirmButton": "CONFIRM",
      "cartItemUpdateButton": "UPDATE",
      "cartItemRemoveButton": "REMOVE",
      "addToCartNavBarTitle": "ADD TO CART",
      "orderCompletedNavBarTitle": "ORDER COMPLETE",
      "thankYouMessage": "Thank you {{firstNameOfBuyer}}!",
      "orderConfirmationTitle": "YOUR ORDER IS CONFIRMED",
      "orderRegistered": "Your order was registered with #{{orderNumber}}",
      "orderConfirmationMessage": "We've accepted your offer and we're getting it ready. A confirmation email has been sent to ",
      "customerInformationTitle": "CUSTOMER INFORMATION",
      "shippingAddress": "SHIPPING ADDRESS",
      "billingAddress": "BILLING ADDRESS",
      "orderSummary": "ORDER SUMMARY",
      "returnToShopButton": "RETURN TO SHOP",
      "paymentInfoCardNumber": "Card number",
      "paymentInfoExpiryMonth": "Expiry month (mm)",
      "paymentInfoExpiryYear": "Expiry year (yy)",
      "paymentInfoCvv": "Security code",
      "paymentInfoFirstName": "First name",
      "paymentInfoLastName": "Last name",
      "paymentInfoFormErrorTitle": "Payment information form error",
      "paymentInfoFormErrorMessage": "All fields are mandatory. Check if you missed some.",
      "completePaymentButton": "COMPLETE PAYMENT",
      "paymentScreenNavBarTitle": "PAYMENT",
      "paymentErrorTitle": "Payment",
      "paymentFillAllFieldsError": "Please fill all fields",
      "paymentExpiryMonthError": "Please enter a valid expiry month",
      "paymentExpiryYearError": "Please enter a valid expiry year",
      "cartScreenProductName": "PRODUCT NAME",
      "cartScreenProductPrice": "PRICE",
      "proceedToCheckoutButton": "PROCEED TO CHECKOUT",
      "cartScreenNavBarTitle": "SHOPPING CART",
      "emptyCartMessage": "You haven't added any products yet.",
      "shopTitlePlaceholder": "SHOP",
      "outOfStockMessage": "Out of stock",
      "updateItemScreenProductPrice": "Price:"
    },
    "social": {
      "commentButton": "COMMENT",
      "cancelCommentSelectionOption": "Cancel",
      "deleteCommentOption": "Delete",
      "emptySearchListTitle": "It’s empty in here",
      "emptyStartSearchListTitle": "Search user profiles",
      "emptySearchListMessage": "Your search '{{text}}' did not match any profiles.",
      "emptyStartSearchListMessage": "You can find user profiles by typing their name.",
      "loadingMoreComments": "Loading more comments...",
      "likeButton": "LIKE",
      "unlikeButton": "UNLIKE",
      "numberOfLikesMessage": {
        "one": "{{firstUser}} likes this"
      },
      "numberOfOtherUserLikesMessage": {
        "one": "{{firstUser}} and 1 other like this",
        "other": "{{firstUser}} and {{count}} others like this"
      },
      "numberOfLikes": {
        "one": "{{count}} Like",
        "other": "{{count}} Likes"
      },
      "blankPostWarning": "This post appears to be blank. Please write something.",
      "numberOfComments": {
        "one": "{{count}} Comment",
        "other": "{{count}} Comments",
        "zero": "No comments"
      },
      "postCommentButton": "Post",
      "navBarSearchPlaceholder": "Search",
      "searchCancelButton": "Cancel",
      "postDetailsTitle": "POST DETAILS",
      "newStatusTitle": "NEW STATUS",
      "newStatusPlaceholder": "Share your thoughts",
      "viewStatusLikes": "LIKES",
      "deleteStatusOption": "Delete",
      "cancelStatusSelectionOption": "Cancel",
      "postStatusButton": "Post",
      "newCommentPlaceholder": "Add new comment...",
      "postDetailsNavBarTitle": "POST DETAILS",
      "reportOptionSpam": "It's a spam",
      "reportOptionInappropriate": "It's inappropriate",
      "reportOptionAbuse": "It's abusive",
      "reportOptionCancel": "Cancel",
      "reportActionSheetTitle": "Report",
      "reportActionSheetMessage": "Why are you reporting this post? ",
      "reportSuccessTitle": "Report sent",
      "reportSuccessMessage": "Your report has been sent to our administrators."
    },
    "web-view": {
      "noUrlErrorMessage": "Please enter a valid URL and reload your app.",
      "noUrlErrorTitle": "No URL"
    },
    "wordpress": {
      "upNext": "UP NEXT"
    }
  }
}
