{
  "shoutem": {
    "application": {
      "errorTitle": "Error",
      "preview": {
        "unsupportedActionMessage": "This action cannot be performed in Preview.",
        "pushGroupsPreviewAlertTitle": "Preview mode",
        "pushGroupsPreviewAlertMessage": "Push notifications are not supported in preview mode. You can see groups, but you can't toggle subscriptions. Don't worry, everything works in the live app.",
        "noContentErrorMessage": "Please create content and reload your app."
      },
      "emptyCollectionErrorMessage": "Nothing here at this moment.",
      "unexpectedErrorMessage": "Unexpected error occurred.",
      "tryAgainButton": "Try Again",
      "configurationLoadErrorMessage": "App configuration failed to load.",
      "networkErrorTitle": "Network error",
      "networkErrorMessage": "No internet connection, please check your network."
    },
    "auth": {
      "profileUpdatingErrorTitle": "Update failed",
      "profileUpdatingErrorMessage": "There was an error while updating your profile. Please try again.",
      "userNameAndSurname": "Name and surname",
      "userLocation": "Location",
      "userWebsite": "Website",
      "userBioTitle": "Bio",
      "editProfileNavBarTitle": "EDIT PROFILE",
      "doneNavBarButton": "Done",
      "imageSelectErrorMessage": "Image selection error.",
      "loggedInUserInfo": "Username: {{username}}",
      "tokenErrorMessage": "Access token is not valid.",
      "loginCancelErrorMessage": "Login was cancelled.",
      "loginFailErrorTitle": "Login failed",
      "noAccountSectionTitle": "Not a member?",
      "registerButton": "REGISTER",
      "usernameOrEmailPlaceholder": "Username or Email",
      "logInButton": "LOG IN",
      "socialLoginSectionTitle": "or sign in/sign up with your other account",
      "facebookLogInButton": "FACEBOOK",
      "logInNavBarTitle": "LOG IN",
      "registrationFailedErrorTitle": "Registration failed",
      "registerNavBarTitle": "REGISTER",
      "emailPlaceholder": "Email",
      "usernamePlaceholder": "Username",
      "passwordPlaceholder": "Password",
      "profileNavBarLogoutButton": "Logout",
      "profileNavBarTitle": "PROFILE",
      "editProfileButton": "Edit Profile",
      "unknownEmailErrorMessage": "Your username / email was not found.",
      "invalidCredentialsErrorMessage": "Wrong password. Please try again.",
      "invalidEmailFormatErrorMessage": "Wrong email format. Make sure your email format is name@domain.com",
      "invalidUsernameFormatErrorMessage": "Please change the username so it has at least 3 characters, starts with a letter and contains only letters, numbers and underscores.",
      "invalidPasswordFormatErrorMessage": "Password has to be at least 6 characters long. Please try again.",
      "formNotFilledErrorMessage": "All of the fields must be filled. Please try again."
    },
    "books": {
      "buyButtonText": "BUY THIS BOOK"
    },
    "cms": {
      "androidLocationPermissionTitle": "Location Permission",
      "androidLocationPermissionMessage": "This app needs access to your location to display relevant data.",
      "androidLocationPermissionDisabled": "You disabled location permissions for this application. Do you want to enable them now?",
      "androidLocationPermissionEnable": "Enable",
      "iosLocationPermissionDisabled": "You disabled location permissions for this application. Do you want to enable it in settings now?",
      "iosLocationPermissionSettings": "Go to Settings",
      "cancelLocationPermissions": "Cancel",
      "locationPermissionsPrompt": "Grant location access",
      "noLocationsProvidedErrorMessage": "None of your items have a location specified.",
      "directionsButton": "Directions",
      "descriptionTitle": "INFORMATION",
      "mapTitle": "LOCATION",
      "openHours": "OPEN HOURS",
      "emailButton": "Email",
      "phoneButton": "Phone",
      "websiteButton": "Visit webpage",
      "rsvpButton": "RSVP",
      "navBarListViewButton": "List",
      "navBarMapViewButton": "Map"
    },
    "code-push": {
      "newContentAlertTitle": "New content",
      "newContentAlertMessage": "New content is available in the app, would you like to load it now?",
      "laterButton": "Later",
      "acceptButton": "Yes"
    },
    "deals": {
      "couponsRemainingMessage": {
        "one": "{{count}} coupon left",
        "other": "{{count}} coupons left"
      },
      "claimCouponButton": "CLAIM DEAL",
      "redeemCouponButton": "REDEEM DEAL",
      "redeemDealButton": "REDEEM DEAL",
      "dealsMapButton": "Map",
      "dealsGridButton": "Grid",
      "dealsListButton": "List",
      "dealDescriptionHeading": "Description",
      "dealConditionsHeading": "Conditions",
      "previousDealLabel": "PREVIOUS",
      "nextDealLabel": "NEXT",
      "visitWebsiteLabel": "Visit website",
      "dealLocationDirections": "Directions",
      "couponClaimedText": "You've claimed this deal.",
      "couponRedeemTimeText": "Time to redeem",
      "couponRedeemInstructionsTitleText": "How to redeem?",
      "couponRedeemInstructions": "Let the cashier confirm the deal you've claimed. Confirming the deal yourself will render it useless.",
      "dealRedeemedText": "You've redeemed this deal.",
      "myDealsTabText": "Claimed",
      "myDealsAuthenticationRequiredText": "Sign in to view claimed deals",
      "favoriteDealsTabText": "Favorited"
    },
    "events": {
      "addToCalendarButton": "ADD TO CALENDAR",
      "calendarPermissionsTitle": "Grant calendar access",
      "calendarPermissionsMessage": "You disabled calendar access for this application. Do you want to enable it in settings now?",
      "calendarPermissionsSettings": "Go to Settings",
      "calendarPermissionsCancel": "Cancel"
    },
    "favorites": {
      "noFavoritesMessage": "This screen will list your favorites once you add them."
    },
    "ical-events": {
      "addToCalendarButton": "ADD TO CALENDAR",
      "calendarPermissionsTitle": "Grant calendar access",
      "calendarPermissionsMessage": "You disabled calendar access for this application. Do you want to enable it in settings now?",
      "calendarPermissionsSettings": "Go to Settings",
      "calendarPermissionsCancel": "Cancel"
    },
    "loyalty": {
      "pointsInStore": {
        "one": "{{count}} point collected.",
        "other": "{{count}} points collected.",
        "zero": "No points collected."
      },
      "collectPointsButton": "COLLECT",
      "pointsHistoryButton": "HISTORY",
      "navigationHistoryButton": "History",
      "noPointsCollected": "No points collected.",
      "pointsRequiredStores": {
        "one": "Requires {{count}} point.",
        "other": "Requires {{count}} points."
        },
      "pointsRequiredRewards": " points.",
      "noHistory": "No activity.",
      "fullHistoryButton": "SHOW ENTIRE HISTORY",
      "pointsHistoryTitle": "POINTS HISTORY",
      "rewardRedeemed": "Reward redeemed",
      "historyItemPointsGainedTitle": "Points gained",
      "historyItemWithPurchaseMessage": "Store visited · ${{amountSpent}} spent ",
      "historyItemNoPurchaseMessage": "Store visited",
      "storeRewardsListTitle": "REWARDS",
      "noRewardsForStore": "Currently, there are no rewards available for this store.",
      "storeDescriptionTitle": "LOCATION INFO",
      "openHours": "OPEN HOURS",
      "rsvp": "Reservation",
      "websiteButton": "Visit webpage",
      "emailButton": "Email",
      "phoneButton": "Phone",
      "cancelButton": "Cancel",
      "locationPermissionsPrompt": "Grant location access",
      "currencyPrefix": "$ ",
      "cashierPointAwardNavBarTitle": "ASSIGN POINTS",
      "cashierPointAwardAssigningTitle": "ASSIGN POINTS FOR",
      "cashierPointAwardReceiptSum": "Receipt sum",
      "cashierPointAwardReceiptCode": "Receipt code",
      "purchaseToggleButton": "Customer made a purchase",
      "visitToggleButton": "Customer visited this store",
      "cashierPointAwardTransactionTitle": "ENTER PURCHASE DETAILS",
      "confirmButton": "CONFIRM",
      "noProgramNavBarTitle": "LOYALTY",
      "noProgramErrorMessage": "Turn on loyalty program in extension settings.",
      "scanBarcodeButton": "SCAN BARCODE",
      "scanBarcodeNavBarTitle": "Scan Barcode",
      "wrongPinErrorTitle": "Wrong PIN",
      "wrongPinErrorMessage": "The PIN you entered was incorrect.",
      "pinPlaceholder": "Enter your PIN",
      "pinVerificationNavBarTitle": "CASHIER PIN",
      "pinVerificationContinueButton": "CONTINUE",
      "refreshButton": "REFRESH",
      "myCardScreenNavBarTitle": "MY CARD",
      "myCardScreenPointsTitle": "Points",
      "pointsEarnedNavBarTitle": "POINTS EARNED",
      "pointsEarnedAmountSpent": "Your bill was ${{amountSpent}}",
      "pointsEarnedCongratulations": "Congratulations!",
      "pointsEarnedMessage": {
        "one": "You've earned 1 point",
        "other": "You've earned {{count}} points"
      },
      "pointsHistoryNavBarTitle": "POINTS HISTORY",
      "redeemRewardNavBarTitle": "REDEEM REWARD",
      "redeemLaterButton": "REDEEM LATER",
      "redeemNowButton": "REDEEM NOW",
      "redeemMessage": "Your reward can be redeemed.",
      "punchCardRedeemButton": "REDEEM",
      "punchCardStampButton": "STAMP CARD",
      "punchCardStampingNavBarTitle": "STAMP CARD",
      "punchCardStampingDoneButton": "DONE",
      "punchCardStampedMessage": {
        "one": "Your card was stamped once.",
        "other": "Your card was stamped {{count}} times"
      },
      "rewardRedemptionMessage": "You have redeemed your reward",
      "rewardPointRequirement": {
        "one": "Requires {{count}} point",
        "other": "Requires {{count}} points"
      },
      "rewardRedemptionCongratulation": "CONGRATULATIONS",
      "rewardRedemptionContinueButton": "CONTINUE",
      "cardStampingDoneMessage": "STAMP CARD",
      "cashierVerificationMessage": "Show this screen to the Cashier.",
      "usePinInstead": "USE PIN INSTEAD",
      "numberOfRewardsInvalidErrorMessage": "This reward is out of stock.",
      "authDataExpressionInvalidErrorMessage": "This barcode is no longer valid!",
      "transactionExistsErrorMessage": "This barcode has already been scanned!"
    },
    "navigation": {
      "noScreensMessage": "Sorry, this app doesn't have any screens to open.",
      "androidExitMessage": "Press the back button again to exit."
    },
    "news": {
      "upNext": "UP NEXT"
    },
    "notification-center": {
      "viewNotificationButton": "View",
      "notificationListNavBarTitle": "NOTIFICATIONS",
      "pushGroupsSettingsNavBarTitle": "SETTINGS",
      "noGroupsErrorMessage": "There are no push groups defined.",
      "pushGroupsPreviewAlertTitle": "Preview mode",
      "pushGroupsPreviewAlertMessage": "Push notifications are not supported in preview mode. You can see groups, but you can't toggle subscriptions. Don't worry, everything works in the live app.",
      "notificationPermissionsAlertTitle": "Enable notifications",
      "notificationPermissionsAlertMessage": "You disabled push notifications for this application. Do you want to enable them in settings now?",
      "notificationPermissionsSettings": "Go to Settings",
      "notificationPermissionsCancel": "Cancel",
      "subscribeToPushGroups": "Send me push notifications for"
    },
    "push-notifications": {
      "messageReceivedAlert": "Message received",
      "messageReceivedAlertView": "View",
      "messageReceivedAlertDismiss": "Dismiss"
    },
    "rss": {
      "noUrlMessage": "Please specify RSS feed URL and reload the app."
    },
    "shopify": {
      "totalPrice": "Total price:",
      "itemQuantity": "Quantity: ",
      "addToCartButton": "ADD TO CART",
      "noItemsInCollection": "There are no products in this collection.",
      "noItemsWithSpecificTag": "There are no products with tags that match: {{unmatchedTag}}",
      "itemSearchPlaceholder": "Search",
      "fetchingShopErrorMessage": "There was an error while fetching the shop.\n",
      "checkoutErrorTitle": "Error with checkout",
      "shippingMethodSelectionErrorMessage": "The shipping method couldn't be selected. Please try again or contact the store owner.",
      "checkoutEmail": "Email",
      "checkoutFirstName": "First name",
      "checkoutLastName": "Last name",
      "checkoutAddress": "Address",
      "checkoutCity": "City",
      "checkoutProvince": "Province",
      "checkoutPostalCode": "Postal code",
      "countrySelectionPlaceholder": "Select",
      "checkoutFormErrorTitle": "Checkout form error",
      "checkoutFormErrorMessage": "All fields are mandatory. Check if you missed some.",
      "countrySelectionTitle": "COUNTRY",
      "checkoutNavBarTitle": "CHECKOUT",
      "checkoutContinueButton": "CONTINUE",
      "addItemConfirmButton": "CONFIRM",
      "cartItemUpdateButton": "UPDATE",
      "cartItemRemoveButton": "REMOVE",
      "addToCartNavBarTitle": "ADD TO CART",
      "orderCompletedNavBarTitle": "ORDER COMPLETE",
      "chosenShippingMethodTitle": "SHIPPING METHOD",
      "thankYouMessage": "Thank you {{firstNameOfBuyer}}!",
      "orderConfirmationTitle": "YOUR ORDER IS CONFIRMED",
      "orderConfirmationMessage": "We've accepted your offer and we're getting it ready. A confirmation email has been sent to ",
      "customerInformationTitle": "CUSTOMER INFORMATION",
      "shippingAddress": "SHIPPING ADDRESS",
      "billingAddress": "BILLING ADDRESS",
      "orderSummary": "ORDER SUMMARY",
      "returnToShopButton": "RETURN TO SHOP",
      "paymentInfoCardNumber": "Card number",
      "paymentInfoExpiryMonth": "Expiry month (mm)",
      "paymentInfoExpiryYear": "Expiry year (yy)",
      "paymentInfoCvv": "Security code",
      "paymentInfoFirstName": "First name",
      "paymentInfoLastName": "Last name",
      "paymentInfoFormErrorTitle": "Payment information form error",
      "paymentInfoFormErrorMessage": "All fields are mandatory. Check if you missed some.",
      "completePaymentButton": "COMPLETE PAYMENT",
      "paymentScreenNavBarTitle": "PAYMENT",
      "shippingMethodFetchErrorMessage": "We could not get any shipping options from Shopify. Please contact the store owner for information about shipping to your country.",
      "estimatedDeliveryTime": "Estimated delivery time: ",
      "shippingScreenNavBarTitle": "SHIPPING",
      "cartScreenProductName": "PRODUCT NAME",
      "cartScreenProductPrice": "PRICE",
      "proceedToCheckoutButton": "PROCEED TO CHECKOUT",
      "cartScreenNavBarTitle": "SHOPPING CART",
      "emptyCartMessage": "You haven't added any products yet.",
      "shopTitlePlaceholder": "SHOP",
      "outOfStockMessage": "Out of stock"
    },
    "social": {
      "commentButton": "COMMENT",
      "deleteCommentOption": "Delete",
      "cancelCommentSelectionOption": "Cancel",
      "likeButton": "LIKE",
      "unlikeButton": "UNLIKE",
      "numberOfLikesMessage": {
        "one": "{{firstUser}} likes this",
        "other": "{{firstUser}} and {{secondUser}} like this"
      },
      "numberOfOtherUserLikesMessage": {
        "one": "{{firstUser}}, {{secondUser}} and 1 other like this",
        "other": "{{firstUser}}, {{secondUser}} and {{count}} others like this"
      },
      "numberOfLikes": {
        "one": "{{count}} Like",
        "other": "{{count}} Likes"
      },
      "blankPostWarning": "This post appears to be blank. Please write something.",
      "numberOfComments": {
        "one": "{{count}} Comment",
        "other": "{{count}} Comments",
        "zero": "No comments"
      },
      "postCommentButton": "Post",
      "navBarSearchPlaceholder": "Search",
      "searchCancelButton": "Cancel",
      "postDetailsTitle": "POST DETAILS",
      "newStatusTitle": "NEW STATUS",
      "newStatusPlaceholder": "Share your thoughts",
      "viewStatusLikes": "LIKES",
      "deleteStatusOption": "Delete",
      "cancelStatusSelectionOption": "Cancel",
      "postStatusButton": "Post",
      "newCommentPlaceholder": "Add new comment...",
      "postDetailsNavBarTitle": "POST DETAILS"
    },
    "web-view": {
      "noUrlErrorMessage": "Please enter a valid URL and reload your app.",
      "noUrlErrorTitle": "No URL"
    }
  }
}
