{
  "shoutem": {
    "affiliate": {
      "level": "level",
      "numberOfPoints": "{{numberOfPoints}} points",
      "points": "points",
      "refreshButton": "REFRESH",
      "shareCodeButton": "Share code",
      "collectPointsButton": "Collect"
    },
    "age-restriction": {
      "ageRestrictionTitle": "Are you at least {{requiredAge}}?",
      "ageRestrictionSubtitle": "By agreeing and entering the app you agree to be bound by the ",
      "privacyPolicy": "Privacy Policy",
      "and": "and",
      "termsOfService": "Terms of service",
      "privacyPolicyNavBarTitle": "Privacy Policy",
      "termsOfServiceNavBarTitle": "Terms of Service",
      "continueButtonTitle": "Yes, Continue",
      "exitTheAppButtonTitle": "No, Exit the App"
    },
    "agora": {
      "cancel": "Cancel",
      "localUserFailsToConnectTitle": "Unable to establish video call",
      "localUserFailsToConnectMessage": "Please try again later or contact the app owner.",
      "missingPermissionsTitle": "Camera and Microphone Access Required",
      "missingPermissionsMessage": "Please enable access to your camera and microphone in the Settings",
      "missingUidErrorTitle": "User ID is missing",
      "missingUidErrorMessage": "Unable to join the channel. Please try again later.",
      "openSettings": "Go to Settings",
      "userNotAuthenticatedTitle": "User not logged in",
      "userNotAuthenticatedMessage": "You must be logged in to use video call feature.",
      "waitingToJoinFirstPart": "Waiting for",
      "waitingToJoinSecondPart": "to connect..."
    },
    "application": {
      "errorTitle": "Error",
      "preview": {
        "unsupportedActionMessage": "This action cannot be performed in Preview.",
        "pushGroupsPreviewAlertTitle": "Preview mode",
        "pushGroupsPreviewAlertMessage": "Push notifications are not supported in preview mode. You can see groups, but you can't toggle subscriptions. Don't worry, everything works in the live app.",
        "noContentErrorMessage": "Please create content and reload your app."
      },
      "emptyCollectionErrorMessage": "Nothing here at this moment.",
      "emptyListMessage": "We couldn't find anything to show...",
      "emptyListTitle": "It's empty in here",
      "unexpectedErrorMessage": "Unexpected error occurred.",
      "tryAgainButton": "TRY AGAIN",
      "configurationLoadErrorMessage": "App configuration failed to load.",
      "networkErrorTitle": "Network error",
      "networkErrorMessage": "No internet connection, please check your network.",
      "noSubscriptionMessage": "This app is currently inactive. Please contact its developer for support!",
      "screenUnavailableInWebMessage": "This screen is currently unavailable in Web Preview.\n\nFor a full native experience of the app you're creating, please download the Disclose app."
    },
    "audio": {
      "playbackErrorTitle": "Playback Error",
      "playbackErrorMessage": "Oops! Something went wrong during audio playback. Please try again.",
      "liveStreamText": "Live stream",
      "playbackSpeedTitle": "Playback speed",
      "playbackSpeedOption05": "0.5x",
      "playbackSpeedOption075": "0.75x",
      "playbackSpeedOption1": "1x",
      "playbackSpeedOption125": "1.25x",
      "playbackSpeedOption15": "1.5x",
      "playbackSpeedOption175": "1.75x",
      "playbackSpeedOption2": "2x",
      "normalRateCaption": "(normal)",
      "repeatModeTitle": "Repeat mode",
      "repeatOff": "Repeat off",
      "repeatTrack": "Repeat track",
      "repeatQueue": "Repeat playlist",
      "repeatCaptionOff": "Tracks play in order, no repeat. Stops after the last track is complete.",
      "repeatCaptionTrack": "Loops the current track.",
      "repeatCaptionQueue": "Tracks play in order, no repeat. Playlist starts over after the last track is complete.",
      "sleepTimerToastTitle": "Sleep Timer Expired",
      "sleepTimerToastMessage": "Your audio player has completed its scheduled session.",
      "settingsModalTitle": "Settings",
      "sleepTimerSettingsTitle": "Sleep timer",
      "timerOption5": "5 minutes",
      "timerOption10": "10 minutes",
      "timerOption15": "15 minutes",
      "timerOption30": "30 minutes",
      "timerOption45": "45 minutes",
      "timerOption60": "60 minutes",
      "turnOffTimerText": "Turn off timer",
      "timeLeftCaption": {
        "one": "{{count}} minute left",
        "other": "{{count}} minutes left"
      },
      "queueTitle": "Queue",
      "nowPlayingTitle": "Now playing",
      "queueFinishedToastTitle": "Playback status",
      "queueFinishedToastMessage": "Playlist has finished playing."
    },
    "auth": {
      "appleAuthCanceledError": "The user canceled the authorization attempt.",
      "appleAuthFailedError": "The authorization attempt failed.",
      "appleAuthInvalidResponseError": "The authorization request received an invalid response.",
      "appleAuthNotHandledError": "The authorization request wasn't handled.'",
      "appleAuthUnknownError": "The authorization attempt failed for an unknown reason.",
      "appleLoginPreviewMessage": "Apple authentication is not available in app previews",
      "appleLoginPreviewTitle": "Not available in preview",
      "chat": "Chat",
      "consentRequiredError": "You need to agree to the app's terms and conditions to register",
      "deleteAccountDescription": "Account deletion is permanent and irrevesible. If you would like to delete your account please type “DELETE” below and confirm your action.",
      "deleteAccountButtonText": "Delete account",
      "deleteAccountText": "Delete your account",
      "deletionNavBarTitle": "Confirm deletion",
      "doneNavBarButton": "Done",
      "editProfileButton": "EDIT PROFILE",
      "editProfileNavBarTitle": "EDIT PROFILE",
      "emailPlaceholder": "name@domain.com",
      "facebookLogInButton": "Sign in with Facebook",
      "facebookSignUpButton": "Continue with Facebook",
      "facebookLoginPreviewMessage": "Facebook authentication is not available in app previews",
      "facebookLoginPreviewTitle": "Not available in preview",
      "formNotFilledErrorMessage": "All form fields are required.",
      "gdprConsentMessage": "I allow this app to collect and use my data, as described in Privacy Policy",
      "emailTakenErrorMessage": "This email address is already registered.",
      "emptyUsernameErrorMessage": "Username/email should not be empty",
      "emptyPasswordErrorMessage": "Password should not be empty",
      "recoverPasswordText": "Recover password?",
      "horizontalSeparatorText": "OR",
      "imagePickerCameraOption": "Take a photo",
      "imagePickerGalleryOption": "Choose from library",
      "imagePickerCancelOption": "Cancel",
      "imageSelectErrorMessage": "Image selection error.",
      "invalidCredentialsErrorMessage": "Wrong username / email or password. Please try again.",
      "invalidEmailFormatErrorMessage": "Make sure your email format is \"name@domain.com\".",
      "invalidPasswordFormatErrorMessage": "Password has to be at least 6 characters long.",
      "invalidUsernameFormatErrorMessage": "Username has to have at least 3 characters, start with a letter and contain only lowercase letters, numbers and underscores.",
      "manualApprovalTitle": "Pending approval",
      "manualApprovalMessage": "Your registration request is being reviewed. Thank you for your patience.",
      "newsletterConsentMessage": "I would like to receive news and event emails from this app",
      "loggedInUserInfo": "Username: {{username}}",
      "logInButton": "Log In",
      "loginCancelErrorMessage": "Login was cancelled.",
      "loginFailedErrorTitle": "Login failed",
      "logInNavBarTitle": "LOG IN",
      "noAccountSectionTitle": "Not a member?",
      "passwordPlaceholder": "Enter your password",
      "profileNavBarLogoutButton": "Logout",
      "profileNavBarTitle": "PROFILE",
      "profileUpdatingErrorMessage": "There was an error while updating your profile. Please try again.",
      "profileUpdatingErrorTitle": "Update failed",
      "registerButton": "Create Account",
      "createNewAccount": "Create new account",
      "registerNavBarTitle": "CREATE NEW ACCOUNT",
      "registrationFailedErrorTitle": "Registration failed",
      "signupAcknowledgement": {
        "leadMessage": "By signing up you agree to our",
        "termsOfService": "Terms of Service",
        "conjuction": " and ",
        "privacyPolicy": "Privacy policy"
      },
      "socialLoginSectionTitle": "or sign in/sign up with your other account",
      "tokenErrorMessage": "Access token is not valid.",
      "unknownEmailErrorMessage": "Your username / email was not found.",
      "userBioTitle": "Bio",
      "userLocation": "Location",
      "userNameAndSurname": "Name and surname",
      "usernameOrEmail": "Username or Email",
      "username": "Username",
      "email": "Email",
      "password": "Password",
      "forgotPasswordText": "Forgot Password?",
      "usernameOrEmailPlaceholder": "Enter your username/email",
      "usernamePlaceholder": "Enter your username",
      "usernameTakenErrorMessage": "That username is taken. Please choose another one or try to sign in.",
      "userWebsite": "Website",
      "videoChat": "Video Chat",
      "passwordRecoveryNavBarTitle": "PASSWORD RECOVERY",
      "passwordRecoveryDescription": "Please enter the email address you used when creating your account. We will send you an email with a link to reset your password.",
      "emailInputCaption": "Email",
      "sendEmailButtonText": "Send Email",
      "changePasswordNavBarTitle": "CHANGE YOUR PASSWORD",
      "changePasswordTitle": "Change your password",
      "changePasswordDescription": "Verification code was sent to your email. If you didn’t receive the recovery email, please check your spam folder.\nOnce you receive the recovery email, please enter the verification code and the new password.",
      "verificationCodeInputPlaceholder": "Enter verification code",
      "verificationCodeCaption": "Verification code",
      "newPasswordCaption": "New password",
      "repeatNewPasswordCaption": "Repeat new password",
      "verificationCodeErrorText": "Enter verification code",
      "repeatPasswordErrorText": "Passwords must match",
      "alertSuccessTitle": "Success",
      "alertSuccessMessage": "Password was successfully changed.\nYou may now proceed to login with the new password.",
      "alertConfirmButton": "OK",
      "alertErrorTitle": "Error",
      "alertErrorMessage": "Password change failed. Please try again.",
      "alertTryAgainMessage": "Something went wrong. Please try again in few moments",
      "confirmButtonText": "Confirm",
      "typeHerePlaceholder": "Type here...",
      "deleteText": "delete"
    },
    "bands-in-town": {
      "noWidgetMessage": "Missing widget code, can't display data"
    },
    "besttime": {
      "besttimeServiceUnavailable": "Service currently not available.",
      "closed": "Closed",
      "currentHourLabel": "Now",
      "googlePlacesErrorSuggestion": "Try entering a more precise address or name",
      "noDataAvailableMessage": "No data available for this business.",
      "noForecastDataMessage": "Not enough data available yet for full forecast.",
      "noGooglePlacesFound": "No places found",
      "noLiveDataMessage": "No live data available at the moment.",
      "noPlaceDetailsFoundMessage": "No information found, venue might be permanently closed.",
      "openAllDay": "Open all day",
      "openNow": "Open now:",
      "searchInstructions": "Search for businesses",
      "searchExplanation": "And find out the best time to visit",
      "showOnMap": "Show on map"
    },
    "books": {
      "buyButtonText": "BUY THIS BOOK"
    },
    "camera": {
      "changePermissionsButton": "Change permissions",
      "missingPermissionAlertTitle": "Missing permissions",
      "permissionNotGranted": "Camera permission not granted.",
      "codeScannedTitle": "QR Code scanned",
      "codeScannedMessage": "Scanned link: {{url}}",
      "codeMissingUrlMessage": "This code doesn't contain a valid url",
      "cancelButtonLabel": "Cancel",
      "openButtonLabel": "Open"
    },
    "checklist": {
      "checklistScreenSubmitButton": "Submit",
      "checklistScreenHelpButton": "Help",
      "contactButton": "Contact us via email",
      "goBackButton": "Go back",
      "saveProgressButton": "Save",
      "submitAlertAccept": "Submit",
      "submitAlertCancel": "Go back",
      "submitAlertMessage": "Once you submit your progress, you will no longer be able to edit it.\n Are you sure you want to submit?",
      "submitAlertTitle": "Progress Submission"
    },
    "cms": {
      "androidLocationPermissionTitle": "Location Permission",
      "androidLocationPermissionMessage": "This app needs access to your location to display relevant data.",
      "androidLocationPermissionDisabled": "You disabled location permissions for this application. Do you want to enable them now?",
      "androidLocationPermissionEnable": "Enable",
      "iosLocationPermissionDisabled": "You disabled location permissions for this application. Do you want to enable it in settings now?",
      "iosLocationPermissionSettings": "Go to Settings",
      "cancelLocationPermissions": "Cancel",
      "locationPermissionsPrompt": "Grant location access",
      "noLocationsProvidedErrorMessage": "None of your items have a location specified.",
      "directionsButton": "Directions",
      "descriptionTitle": "INFORMATION",
      "mapTitle": "LOCATION",
      "openHours": "OPEN HOURS",
      "emailButton": "Email",
      "phoneButton": "Phone",
      "websiteButton": "Visit webpage",
      "twitterButton": "Visit X (Twitter)",
      "facebookButton": "Visit Facebook",
      "instagramButton": "Visit Instagram",
      "tiktokButton": "Visit TikTok",
      "linkedInButton": "Visit LinkedIn",
      "rsvpButton": "RSVP",
      "navBarListViewButton": "List",
      "navBarMapViewButton": "Map",
      "noSearchResultsText": "No results found",
      "searchPlaceholder": "Search"
    },
    "deals": {
      "couponsRemainingMessage": {
        "one": "{{count}} coupon left",
        "other": "{{count}} coupons left"
      },
      "claimCouponButton": "CLAIM DEAL",
      "redeemCouponButton": "REDEEM DEAL",
      "redeemDealButton": "REDEEM DEAL",
      "dealsMapButton": "Map",
      "dealsGridButton": "Grid",
      "dealsListButton": "List",
      "validUntilLabelWithTime": "Valid until {{time}} on {{weekdayAndDate}}",
      "validUntilLabelWithoutTime": "Valid until {{weekdayAndDate}}",
      "dealDescriptionHeading": "Description",
      "dealConditionsHeading": "Conditions",
      "previousDealLabel": "PREVIOUS",
      "nextDealLabel": "NEXT",
      "visitWebsiteLabel": "Visit website",
      "dealLocationDirections": "Directions",
      "couponClaimedText": "You've claimed this deal.",
      "couponRedeemTimeText": "Time to redeem",
      "couponRedeemInstructionsTitleText": "How to redeem?",
      "couponRedeemInstructions": "Let the cashier confirm the deal you've claimed. Confirming the deal yourself will render it useless.",
      "dealRedeemedText": "You've redeemed this deal.",
      "myDealsTitle": "My deals",
      "myDealsTabText": "Claimed",
      "myDealsAuthenticationRequiredText": "Sign in to view claimed deals",
      "favoriteDealsTabText": "Favorited"
    },
    "events": {
      "addToCalendarButton": "ADD TO CALENDAR",
      "calendarPermissionsTitle": "Grant calendar access",
      "calendarPermissionsMessage": "You disabled calendar access for this application. Do you want to enable it in settings now?",
      "calendarPermissionsSettings": "Go to Settings",
      "calendarPermissionsCancel": "Cancel",
      "wheelchairFriendly": "WHEELCHAIR FRIENDLY"
    },
    "favorites": {
      "noFavoritesMessage": "This screen will list your favorites once you add them."
    },
    "geo-restrictions": {
      "missingPermissionsTitle": "Missing Location Permission",
      "missingPermissionsMessage": "Please enable necessary permissions in device settings to proceed.",
      "invalidConfigurationTitle": "Error",
      "emptyStateTitle": "Screen not available",
      "emptyStateMessage": "Sorry, this feature is not available in your county."
    },
    "ical-events": {
      "addToCalendarButton": "ADD TO CALENDAR",
      "calendarPermissionsTitle": "Grant calendar access",
      "calendarPermissionsMessage": "You disabled calendar access for this application. Do you want to enable it in settings now?",
      "calendarPermissionsSettings": "Go to Settings",
      "calendarPermissionsCancel": "Cancel",
      "noUrlMessage": "Please specify an iCal URL and reload the app."
    },
    "in-app-purchases": {
      "restoreButtonTitle": "Restore",
      "restoreNoProductsTitle": "Restore complete",
      "restoreNoProductsDescription": "We couldn't find any purchases to restore per your account",
      "subscriptionTrialDuration": "days free trial",
      "subscribeButtonPrefix": "Subscribe for",
      "subscribeButtonDurationWeek": "week",
      "subscribeButtonDurationMonth": "month",
      "subscribeButtonDurationMonths": "months",
      "termsOfService": "Terms of Service",
      "termsAndPolicyConjuction": "and",
      "privacyPolicy": "Privacy Policy",
      "startExploringButton": "Start exploring",
      "subscribeSuccessModalTitle": "You have successfully subscribed!",
      "errorProductOwnedTitle": "Product already owned",
      "errorProductOwnedDescription": "Please restore your purchases to reactivate product",
      "errorDeferredPaymentTitle": "Purchase awaiting approval",
      "errorDeferredPaymentDescription": "Your purchase is awaiting approval from the parental control",
      "errorReceiptValidationTitle": "We're having trouble validating your transaction",
      "errorReceiptValidationDescription": "Give us some time, we'll retry to validate your transaction as soon as possible",
      "errorReceiptInvalidTitle": "Purchase error",
      "errorReceiptInvalidDescription": "We were not able to process your purchase, if you've been charged please contact the support",
      "errorReceiptRequestTitle": "We're having trouble validating your transaction",
      "errorReceiptRequestDescription": "Please try to restore your purchases later or contact the support",
      "errorGenericPurchaseTitle": "Purchase error",
      "errorGenericPurchaseDescription": "We were not able to process your purchase, please try again later or contact the support",
      "errorGenericRestoreTitle": "Restore error",
      "errorGenericRestoreDescription": "We were not able to restore your purchases, please try again later or contact the support"
    },
    "interactive-faq": {
      "backButtonTitle": "< Back"
    },
    "live-update": {
      "newContentAlertTitle": "New content",
      "newContentAlertMessage": "New content is available in the app, would you like to load it now?",
      "laterButton": "Later",
      "acceptButton": "Yes"
    },
    "loyalty": {
      "pointsInStore": {
        "one": "{{count}} point collected.",
        "other": "{{count}} points collected.",
        "zero": "No points collected."
      },
      "pointsLabel": "Points",
      "collectPointsButton": "COLLECT",
      "navigationHistoryButton": "History",
      "pointsCollected": "Points collected",
      "noPointsCollected": "No points collected.",
      "pointsRequiredStores": {
        "one": "Requires {{count}} point.",
        "other": "Requires {{count}} points."
      },
      "pointsRequiredRewards": {
        "one": "{{count}} point.",
        "other": "{{count}} points."
      },
      "noHistory": "No activity.",
      "fullHistoryButton": "SHOW ENTIRE HISTORY",
      "pointsHistoryTitle": "POINTS HISTORY",
      "rewardRedeemed": "Reward redeemed",
      "historyItemPointsGainedTitle": "Points gained",
      "historyItemAmountSpent": "${{amountSpent}} spent",
      "historyItemStoreVisited": "Store visited",
      "storeRewardsListTitle": "REWARDS",
      "noRewardsForStore": "Currently, there are no rewards available for this store.",
      "storeDescriptionTitle": "LOCATION INFO",
      "openHours": "OPEN HOURS",
      "rsvp": "Reservation",
      "websiteButton": "Visit webpage",
      "emailButton": "Email",
      "phoneButton": "Phone",
      "cancelButton": "Cancel",
      "locationPermissionsPrompt": "Grant location access",
      "currencyPrefix": "$ ",
      "cashierPointAwardNavBarTitle": "ASSIGN POINTS",
      "cashierPointAwardAssigningTitle": "ASSIGN POINTS FOR",
      "cashierPointAwardReceiptSum": "Receipt sum",
      "cashierPointAwardReceiptCode": "Receipt code",
      "purchaseToggleButton": "Customer made a purchase",
      "visitToggleButton": "Customer visited this store",
      "cashierPointAwardTransactionTitle": "ENTER PURCHASE DETAILS",
      "confirmButton": "CONFIRM",
      "noProgramNavBarTitle": "LOYALTY",
      "noProgramErrorMessage": "Turn on loyalty program in extension settings.",
      "wrongPinErrorTitle": "Wrong PIN",
      "wrongPinErrorMessage": "The PIN you entered was incorrect.",
      "pinPlaceholder": "Enter your PIN",
      "pinVerificationNavBarTitle": "CASHIER PIN",
      "pinVerificationContinueButton": "CONTINUE",
      "refreshButton": "REFRESH",
      "myCardScreenNavBarTitle": "MY CARD",
      "myCardScreenPointsTitle": "Points",
      "scanQrTitle": "SCAN QR CODE",
      "scanQrButton": "START SCANNER",
      "scanBarcodeButton": "SCAN BARCODE",
      "scanBarcodeNavBarTitle": "Scan Barcode",
      "pointsEarnedNavBarTitle": "POINTS EARNED",
      "pointsEarnedAmountSpent": "Your bill was ${{amountSpent}}",
      "pointsEarnedCongratulations": "Congratulations!",
      "pointsEarnedMessage": {
        "one": "You've earned 1 point",
        "other": "You've earned {{count}} points"
      },
      "pointsHistoryNavBarTitle": "POINTS HISTORY",
      "redeemRewardNavBarTitle": "REDEEM REWARD",
      "redeemLaterButton": "REDEEM LATER",
      "redeemNowButton": "REDEEM NOW",
      "redeemMessage": "Your reward can be redeemed.",
      "punchCardRedeemButton": "REDEEM",
      "punchCardStampButton": "STAMP CARD",
      "punchCardStampingNavBarTitle": "STAMP CARD",
      "punchCardStampingDoneButton": "DONE",
      "punchCardStampedMessage": {
        "one": "Your card was stamped once.",
        "other": "Your card was stamped {{count}} times"
      },
      "rewardRedemptionMessage": "You have redeemed your reward",
      "rewardPointRequirement": {
        "one": "Requires {{count}} point",
        "other": "Requires {{count}} points"
      },
      "rewardRedemptionCongratulation": "CONGRATULATIONS",
      "rewardRedemptionContinueButton": "CONTINUE",
      "cardStampingDoneMessage": "STAMP CARD",
      "cashierVerificationMessage": "Show this screen to the Cashier.",
      "usePinInstead": "USE PIN INSTEAD",
      "numberOfRewardsInvalidErrorMessage": "This reward is currently out of stock.",
      "authDataExpressionInvalidErrorMessage": "The barcode is not valid!",
      "transactionExistsErrorMessage": "The bar code was already scanned!",
      "transactionInProgress": "Another transaction is currently in progress, please try again a little later.",
      "noPointsAwardedErrorTitle": "No points selected",
      "noPointsAwardedErrorMessage": "Please select points to award or cancel",
      "cardPointCountInvalid": "Card doesn't have enough points.",
      "processing": "Processing...",
      "qrScanErrorToastTitle": "Error",
      "qrScanErrorToastMessage": "Something went wrong while trying to read QR code."
    },
    "navigation": {
      "noContentScreenName": "No content",
      "noScreensMessage": "Sorry, this app doesn't have any screens to open.",
      "androidExitMessage": "Press the back button again to exit."
    },
    "news": {
      "upNext": "UP NEXT"
    },
    "notification-center": {
      "viewNotificationButton": "VIEW",
      "notificationListNavBarTitle": "Notification settings",
      "pushGroupsSettingsNavBarTitle": "SETTINGS",
      "noGroupsErrorMessage": "There are no push groups defined.",
      "pushGroupsPreviewAlertTitle": "Preview mode",
      "pushGroupsPreviewAlertMessage": "Push notifications are not supported in preview mode. You can see groups, but you can't toggle subscriptions. Don't worry, everything works in the live app.",
      "notificationPermissionsAlertTitle": "Enable notifications",
      "notificationPermissionsAlertMessage": "You disabled push notifications for this application. Do you want to enable them in settings now?",
      "notificationPermissionsSettings": "Go to Settings",
      "notificationPermissionsCancel": "Cancel",
      "subscribeToPushGroups": "Send me push notifications for",
      "reminders": "Reminders",
      "reminderToggleTitle": "Remind me to use the app",
      "reminderNavigationItemTitle": "Set a time of reminder",
      "dailyMessagesSectionTitle": "Daily notification messages",
      "dailyMessagesToggleTitle": "Daily notification messages",
      "dailyMessagesNavigationItemTitle": "Set a daily notification messages settings",
      "dailySettingsTitle": "Set a timeframe",
      "dailySettingsDescription": "Set a timeframe in which the app will send you notification messages",
      "timePickerDescription": "What time works for you the best?",
      "confirmButtonTitle": "Confirm",
      "beginsAt": "Begins at",
      "endsAt": "Ends at",
      "timeframeErrorMessage": "Invalid timeframe",
      "reminderSettingsTitle": "Set a time reminder",
      "reminderSettingDescription": "Set a time when you want to be reminded to use the app, if you haven’t that day",
      "addAdditionalReminder": "Add additional reminder",
      "dailyMessagesAlertTitle": "Warning",
      "dailyMessagesAlertMessage": "Unsubscribing from daily notification messages will stop all incoming messages for today. Are you sure you want to unsubscribe?",
      "alertCancelButton": "Cancel",
      "alertConfirmButton": "Unsubscribe",
      "pushNotificationsModuleDisabledTitle": "No push notifications",
      "pushNotificationsModuleDisabledMessage": "Enabling push notifications requires an update to higher plan",
      "pushNotificationsAccessRestrictedTitle": "Access restricted",
      "pushNotificationsAccessRestrictedMessage": "This functionality is restricted to admin users",
      "pushNotificationsDatePickerSubmit": "Submit",
      "pushNotificationsDatePickerCancel": "Cancel",
      "pushNotificationsAudienceDropdownPlaceholder": "Audience to open",
      "pushNotificationsCreateNotificationButton": "Create new push notification",
      "pushNotificationsListEmptyTitle": "It's empty in here",
      "pushNotificationsListEmptyMessage": "Start sending push notifications to your users by clicking the button below!",
      "pushNotificationsInputRequiredFieldError": "This field is required",
      "pushNotificationsDatePickerCaption": "Delivery date and time",
      "pushNotificationsShortcutPickerCaption": "Screen to open",
      "pushNotificationsUrlPickerCaption": "URL to open",
      "pushNotificationsCreatePushScreenTitle": "New push notification",
      "pushNotificationsCreatePushTitleLabel": "Title",
      "pushNotificationsCreatePushMessageLabel": "Message",
      "pushNotificationsCreatePushSuccessToastTitle": "Success",
      "pushNotificationsCreatePushSuccessToastMessage": "Notification created successfully!",
      "pushNotificationsCreatePushErrorToastTitle": "Error",
      "pushNotificationsCreatePushErrorToastMessage": "Something went wrong..",
      "pushNotificationsCreatePushTargetTypeCaption": "What to open",
      "pushNotificationsEditPushScreenTitle": "Edit push notification",
      "pushNotificationsEditPushSuccessToastTitle": "Success",
      "pushNotificationsEditPushSuccessToastMessage": "Notification edited successfully!",
      "pushNotificationsEditPushErrorToastTitle": "Error",
      "pushNotificationsEditPushErrorToastMessage": "Something went wrong..",
      "pushNotificationsEditPushCancel": "Cancel",
      "pushNotificationsEditPushSaveChanges": "Save changes",
      "pushNotificationsViewPushScreenTitle": "View push notification",
      "pushNotificationsViewPushScreenCloseButton": "Close",
      "pushNotificationsSendNowType": "Send now",
      "pushNotificationsScheduledType": "Scheduled",
      "noNotificationSettingsMessage": "No settings available.\n\nEnable user scheduled and/or reminder notifications to manage their settings here."
    },
    "onboarding": {
      "getStartedLabel": "Get Started",
      "noPagesTitle": "No instructions found",
      "noPagesMessage": "Add instructions to your onboarding to help users understand the app"
    },
    "permissions": {
      "cancel": "Cancel",
      "missingPermissionsTitle": "Missing Permissions",
      "missingPermissionsMessage": "Please enable necessary permissions in device settings",
      "alarmPermissionRationale": "To schedule local notifications, the app needs alarm permission enabled in the settings. You can turn this permission on or off at any time.",
      "openSettings": "Go to Settings"
    },
    "places": {
      "dealsSectionTitle": "Deals",
      "endsLabel": "Ends",
      "redeemedLabel": "Redeemed"
    },
    "podcast": {
      "actionSheetCancelOption": "Cancel",
      "actionSheetDeleteOption": "Delete download",
      "actionSheetDownloadOption": "Download",
      "actionSheetDownloadInProgress": "Downloading...",
      "actionSheetFavorite": "Favorite",
      "actionSheetShareOption": "Share",
      "actionSheetUnfavorite": "Unfavorite",
      "deviceSettingsDescription": "To download and play offline podcast episodes, the app requires read and write access to external storage.",
      "deviceSettingsTitle": "Go to Settings",
      "fetchFailedTitle": "Something went wrong",
      "fetchFailedMessage": "We couldn't process your request. Please check your internet connection and try again.",
      "episodeDownloadSuccessTitle": "Download complete",
      "episodeDownloadSuccessMessage": "Episode was successfully downloaded.",
      "episodeDeleteTitle": "Episode removed",
      "episodeDeleteMessage": "Episode was successfully removed from downloaded episodes."
    },
    "push-notifications": {
      "messageReceivedAlert": "Message received",
      "messageReceivedAlertView": "View",
      "messageReceivedAlertDismiss": "Dismiss"
    },
    "radio-player": {
      "buffering": "Buffering...",
      "missingStreamUrl": "Please enter a valid stream URL and reload your app.",
      "moreOptionsLabel": "More options",
      "nowPlaying": "Now playing",
      "pressToPlay": "Press play to start the stream",
      "shareButtonLabel": "Share",
      "shareMessage": "Stream address: {{streamUrl}}",
      "shareTitle": "Currently listening to {{streamTitle}}",
      "currentNews": "CURRENT NEWS",
      "seeAll": "See all"
    },
    "recombee": {
      "cancelRequestAgentLabel": "Cancel",
      "moreSuggestionsLabel": "More suggestions",
      "moreSuggestionsMessage": "Give me some more suggestions",
      "nextSuggestionsMessage": "Here you go",
      "noQuestionsMessage": "There are no questions for the bot to ask",
      "requestAgentLabel": "Request an agent",
      "shareRecommendationsButtonText": "Share list",
      "shareSingleRecommendationMessage": "Check out what I was recommended by a chatbot:\n{{titleAndLink}}",
      "shareRecommendationListMessage": "Check out what I was recommended by a chatbot:\n{{titlesAndLinks}}",
      "startOverLabel": "Start over"
    },
    "rss": {
      "noUrlMessage": "Please specify RSS feed URL and reload the app.",
      "itemNotFoundTitle": "Oops",
      "itemNotFoundMessage": "That item is no longer available.",
      "errorMessage": "Something went wrong.",
      "messageReceivedAlert": "Message received",
      "messageReceivedAlertView": "View",
      "messageReceivedAlertDismiss": "Dismiss",
      "noSearchResultsText": "No results found"
    },
    "rss-news": {
      "upNext": "UP NEXT"
    },
    "sendbird": {
      "userUnavailableMessage": "This user currently isn't available to chat.",
      "genericErrorMessage": "Something went wrong. Try again in a few moments.",
      "chatUnavailableErrorTitle": "Chat unavailable",
      "chatEncryptionMessage": "Messages in this chat are private and encrypted.",
      "chatNotConfiguredMessage": "Chat feature is not available due to invalid configuration.",
      "chatsTitle": "Chats",
      "otherContactsTitle": "Other Contacts",
      "isTypingSuffix": " is typing...",
      "textInputPlaceholder": "Type a message...",
      "emptyChatListTitle": "It's empty in here",
      "emptyChatListMessage": "You can start a conversation by looking for person you want to chat with",
      "emptyChatSearchResultTitle": "No chats found",
      "emptyChatSearchResultMessage": "Could not find any chats including '{{searchQuery}}'",
      "newMessagesLabel": "NEW",
      "searchBarPlaceholder": "Search conversations or start a new one...",
      "subscriptionInvalidMessage": "Chat feature won't be available until this app has a valid subscription.",
      "fileMessageErrorTitle": "Something went wrong",
      "fileMessageErrorMessage": "We were unable to upload your file. Please try again, and if the issue continues, contact our support team for assistance."
    },
    "shopify": {
      "totalPrice": "Total price:",
      "itemQuantity": "Quantity: ",
      "addToCartButton": "ADD TO CART",
      "addressSearchPlaceholder": "Start typing to find your address",
      "addressSearchCurrentLocation": "Use my current location",
      "noItemsInCollection": "There are no products in this collection.",
      "noItemsWithSpecificTag": "There are no products with tags that match: ",
      "itemSearchPlaceholder": "Search",
      "cancelSearchButton": "Cancel",
      "fetchingShopErrorMessage": "There was an error while fetching the shop.\n",
      "checkoutErrorTitle": "Error with checkout",
      "checkoutEmail": "Email",
      "checkoutFirstName": "First name",
      "checkoutLastName": "Last name",
      "checkoutAddress": "Address",
      "checkoutCity": "City",
      "checkoutProvince": "Province",
      "checkoutPostalCode": "Postal code",
      "checkoutCardNumber": "Card number",
      "checkoutExpiryYear": "Expiry year (yy)",
      "checkoutExpiryMonth": "Expiry month (mm)",
      "checkoutSecurityCode": "Security code",
      "countrySelectionPlaceholder": "Select",
      "checkoutFormErrorTitle": "Checkout form error",
      "checkoutFormErrorMessage": "All fields are mandatory. Check if you missed some.",
      "countrySelectionTitle": "COUNTRY",
      "checkoutNavBarTitle": "CHECKOUT",
      "checkoutContinueButton": "CONTINUE",
      "doneButton": "Done",
      "addItemConfirmButton": "CONFIRM",
      "cartItemUpdateButton": "UPDATE",
      "cartItemRemoveButton": "REMOVE",
      "addToCartNavBarTitle": "ADD TO CART",
      "orderCompletedNavBarTitle": "ORDER COMPLETE",
      "thankYouMessage": "Thank you {{firstNameOfBuyer}}!",
      "orderConfirmationTitle": "YOUR ORDER IS CONFIRMED",
      "orderRegistered": "Your order was registered with #{{orderNumber}}",
      "orderConfirmationMessage": "We've accepted your offer and we're getting it ready. A confirmation email has been sent to ",
      "customerInformationTitle": "CUSTOMER INFORMATION",
      "shippingAddress": "SHIPPING ADDRESS",
      "billingAddress": "BILLING ADDRESS",
      "orderSummary": "ORDER SUMMARY",
      "returnToShopButton": "RETURN TO SHOP",
      "paymentInfoCardNumber": "Card number",
      "paymentInfoExpiryMonth": "Expiry month (mm)",
      "paymentInfoExpiryYear": "Expiry year (yy)",
      "paymentInfoCvv": "Security code",
      "paymentInfoFirstName": "First name",
      "paymentInfoLastName": "Last name",
      "paymentInfoFormErrorTitle": "Payment information form error",
      "paymentInfoFormErrorMessage": "All fields are mandatory. Check if you missed some.",
      "completePaymentButton": "COMPLETE PAYMENT",
      "paymentScreenNavBarTitle": "PAYMENT",
      "paymentErrorTitle": "Payment",
      "paymentFillAllFieldsError": "Please fill all fields",
      "paymentExpiryMonthError": "Please enter a valid expiry month",
      "paymentExpiryYearError": "Please enter a valid expiry year",
      "quickBuyQuantity": "Quantity",
      "quickBuyAddToCartButton": "Add to cart",
      "quickAddToastTitleProductAdded": "PRODUCT ADDED!",
      "cartScreenProductName": "PRODUCT NAME",
      "cartScreenProductPrice": "PRICE",
      "proceedToCheckoutButton": "PROCEED TO CHECKOUT",
      "cartScreenNavBarTitle": "SHOPPING CART",
      "emptyCartMessage": "You haven't added any products yet.",
      "selectAddressNavBarTitle": "Select address",
      "shopTitlePlaceholder": "SHOP",
      "outOfStockMessage": "Out of stock",
      "updateItemScreenProductPrice": "Price:",
      "loginError": "Login failed",
      "ordersError": "There was a problem loading your orders",
      "emptyOrdersMessage": "You haven't made any orders yet.",
      "order": "Order",
      "status": "Status",
      "orderNumber": "Order number",
      "orderDate": "Order date",
      "items": "Items",
      "subtotal": "Subtotal",
      "shipping": "Shipping",
      "total": "Order Total",
      "deliveryAddress": "Delivery address",
      "pieces": "pc",
      "createCustomerSuccessTitle": "Account successfully created",
      "createCustomerErrorTitle": "Unable to create Shopify account",
      "createCustomerErrorMessage": "Your application account was created. Creating Shopify account failed with:",
      "defaultAddress": "Default",
      "otherAddresses": "Other addresses",
      "editFirstNameLabel": "First name",
      "editLastNameLabel": "Last name",
      "saveChanges": "Save Changes",
      "editPhoneLabel": "Phone",
      "phonePlaceholder": "+___ _____",
      "phoneErrorMessage": "Please enter valid phone number",
      "editCompanyLabel": "Company",
      "editAddressLabel": "Address",
      "editCityLabel": "City",
      "editCountryLabel": "Country/Region",
      "editProvinceLabel": "Province",
      "editZipLabel": "Zip",
      "setAsDefaultAddress": "Set as default address",
      "emptyAddressMessage": "You haven't added any addresses yet.",
      "addressCreateDisabledTitle": "Feature currently unavailable",
      "addressCreateDisabledMessage": "Creating addresses is currently unavailable on Android devices. However, you will still be able to complete checkout.",
      "addressUpdateTitle": "Success!",
      "addressCreateSuccess": "Address was created successfully",
      "addressEditSuccess": "Address was edited successfully",
      "addressDeleteSuccess": "Address was deleted successfully",
      "addressFormIncompleteTitle": "Address form error",
      "addressFormIncompleteMessage": "All fields are mandatory.\nCheck if you missed some.",
      "deleteAddressWarningTitle": "Delete address",
      "deleteAddressWarningMessage": "Are you sure you want to delete this address?",
      "deleteAddressCancel": "Cancel",
      "deleteAddressConfirm": "Delete",
      "setDefaultAddressWarningTitle": "Default address",
      "setDefaultAddressWarningMessage": "Are you sure you want to set this address as default address?",
      "setDefaultAddressCancel": "Cancel",
      "setDefaultAddressConfirm": "Confirm",
      "updateCustomerErrorTitle": "Unable to edit your Shopify profile",
      "updateCustomerPhoneErrorMessage": "Phone number has to include your country calling code (prefixed with +)"
    },
    "social": {
      "commentButton": "COMMENT",
      "cancelCommentSelectionOption": "Cancel",
      "deleteCommentOption": "Delete",
      "emptySearchListTitle": "It’s empty in here",
      "emptyStartSearchListTitle": "Search user profiles",
      "emptySearchListMessage": "Your search '{{text}}' did not match any profiles.",
      "emptyStartSearchListMessage": "You can find user profiles by typing their name.",
      "loadingMoreComments": "Loading more comments...",
      "noLikes": "No likes",
      "numberOfLikes": {
        "one": "{{count}} Like",
        "other": "{{count}} Likes"
      },
      "imageSizeWarning": "Image size exceeds the maximum size of {{maxSize}}MB",
      "blankPostWarning": "This post appears to be blank. Please write something.",
      "numberOfComments": {
        "one": "{{count}} Comment",
        "other": "{{count}} Comments",
        "zero": "No comments"
      },
      "postCommentButton": "Post",
      "navBarSearchPlaceholder": "Search",
      "searchCancelButton": "Cancel",
      "postDetailsTitle": "POST DETAILS",
      "newStatusTitle": "NEW STATUS",
      "newStatusPlaceholder": "Share your thoughts...",
      "viewStatusLikes": "LIKES",
      "deleteStatusOption": "Delete",
      "cancelStatusSelectionOption": "Cancel",
      "postStatusButton": "Post",
      "newCommentPlaceholder": "Add a comment",
      "likeStatusButtonText": "Like",
      "likedStatusButtonText": "Unlike",
      "postDetailsNavBarTitle": "POST DETAILS",
      "reportOptionSpam": "It's a spam",
      "reportOptionInappropriate": "It's inappropriate",
      "reportOptionAbuse": "It's abusive",
      "reportOptionCancel": "Cancel",
      "blockOption": "Block",
      "reportOption": "Report",
      "unblockOption": "Unblock user",
      "reportPostOption": "Report post",
      "unblockOptionCancel": "Cancel",
      "reportActionSheetTitle": "Report",
      "reportActionSheetMessage": "Why are you reporting this post? ",
      "reportSuccessTitle": "Report sent",
      "reportSuccessMessage": "Your report has been sent to our administrators.",
      "settingsScreentitle": "SETTINGS",
      "settingsScreenSubtitle": "Send me a push notification for",
      "commentsOnMyStatuses": "Comments on my statuses",
      "likesOnMyStatuses": "Likes on my statuses",
      "noPermissionsAlertTitle": "Limited access",
      "noMediaPermissionsAlertText": "To choose photo to upload, you will need to grant permissions to the app",
      "noCameraPermissionsAlertText": "To take a photo using camera, you will need to grant permissions to the app",
      "openSettingsButtonLabel": "Open settings",
      "cancelButtonLabel": "Cancel",
      "discardStatusAlertTitle": "Save your status as a draft?",
      "discardStatusAlertMessage": "You can save your status as a draft now, and finish it later. If you choose to discard, status will be lost.",
      "saveAlertButtonLabel": "Save draft",
      "discardAlertButtonLabel": "Discard",
      "keepEditingButtonLabel": "Keep editing",
      "cancelHeaderButtonText": "Cancel",
      "postCommentError": "Failed to post a comment. Please try again later.",
      "postStatusError": "Failed to post a status. Please try again later.",
      "giphyPickerTitle": "Select GIF",
      "giphyPickerInputPlaceholder": "Search GIPHY",
      "fetchGifsError": "There was a problem loading GIFs",
      "emptyBlockedUsersListMessage": "You haven't blocked anyone yet.",
      "reloadButton": "Reload"
    },
    "theme": {
      "themeChangedAlertTitle": "Theme changed",
      "themeChangedAlertMessage": "App will now be restarted to apply the newly selected theme",
      "themeChangedAlertConfirmationButton": "Restart"
    },
    "user-profile": {
      "defaultErrorMessage": "Something went wrong",
      "deleteAccountButtonText": "Delete account",
      "goBackToAppButton": "GO BACK TO APP",
      "userProfileCompletedTitle": "Thank you for submitting your application! Your submission will be reviewed by our team.",
      "userProfileCompletedDescription": "You will be notified once you are approved.",
      "myProfileScreenTitle": "MY PROFILE",
      "userProfileScreenTitle": "PROFILE",
      "editUserProfileTitle": "Edit profile",
      "editButtonText": "Edit",
      "submissionCompletedTitle": "SUBMITION COMPLETED",
      "editRequestButton": "Edit request",
      "okButton": "OK",
      "takePhoto": "Take a photo",
      "chooseFromLibrary": "Choose from library",
      "cancel": "Cancel",
      "cannotAccessCameraTitle": "Cannot access camera",
      "cannotAccessCameraMessage": "Please allow access in settings if you want to take photos",
      "galleryPermissionErrorTitle": "Cannot access image library",
      "galleryPermissionErrorMessage": "Please allow access if you want to be able to select images",
      "errorTitle": "Error",
      "errorMessage": "Something went wrong",
      "addMorePhotos": "+ ADD MORE PHOTOS",
      "removeItemTitle": "Remove item",
      "removeItemMessage": "Are you sure you want to remove this item from the gallery?",
      "confirm": "Yes",
      "selectImagesToUpload": "Select images to upload",
      "submitFormButtonTitle": "Save",
      "typeHerePlaceholder": "Type here...",
      "noImagesUploaded": "No images uploaded yet",
      "chat": "Chat",
      "video": "Video",
      "logout": "Logout"
    },
    "web-view": {
      "noUrlErrorMessage": "Please enter a valid URL and reload your app.",
      "noUrlErrorTitle": "No URL",
      "unsupportedLinkTitle": "Failed to open link",
      "unsupportedLinkMessage": "Unsupported link type"
    },
    "wordpress": {
      "upNext": "UP NEXT"
    }
  }
}
