[{
  "name": "Gaspar Brasserie",
  "address": "185 Sutter St, San Francisco, CA 94109",
  "description": "Expect an intimate venue with the ambience of a private club. The mood is casual, the guests sublime.",
  "url": "gasparbrasserie.com",
  "image": "http://shoutem.github.io/restaurants/restaurant-1.jpg",
  "mail": "info@gasparbrasserie.com"
}, {
  "name": "Chalk Point Kitchen",
  "address": "527 Broome St, New York, NY 10013",
  "description": "",
  "url": "",
  "image": "http://shoutem.github.io/restaurants/restaurant-2.jpg",
  "mail": ""
}, {
  "name": "Kyoto Amber Upper East",
  "address": "225 Mulberry St, New York, NY 10012",
  "description": "",
  "url": "",
  "image": "http://shoutem.github.io/restaurants/restaurant-3.jpg",
  "mail": ""
}, {
  "name": "Sushi Academy",
  "address": "",
  "description": "",
  "url": "",
  "image": "http://shoutem.github.io/restaurants/restaurant-4.jpg",
  "mail": ""
}, {
  "name": "Sushibo",
  "address": "",
  "description": "",
  "url": "",
  "image": "http://shoutem.github.io/restaurants/restaurant-5.jpg",
  "mail": ""
}, {
  "name": "Mastergrill",
  "address": "",
  "description": "",
  "url": "",
  "image": "http://shoutem.github.io/restaurants/restaurant-6.jpg",
  "mail": ""
}]
